ID,SMILES,Label
138454747,CN(CC1)CCN1c(cc1)nc(OC)c1Nc(nc1)nc(Nc(cccc2)c2NS(C)(=O)=O)c1Cl,1
49787172,COc1ccc([C@@H](c2c(CC3)c(cc(cc4)Cl)c4[nH]2)N3C(Oc(cc2)ccc2Cl)=O)cc1,1
71667668,CCc(nc(C(N)=O)c(Nc(cc1)ccc1N(CC1)CCC1N1CCN(C)CC1)n1)c1O[C@H](CC1)CN1C(C=C)=O,1
118861389,CN(C)CCN(C)c(nc(c(Nc1nc(-c2cn(C)c3c2cccc3)ccn1)c1)OCC(F)(F)F)c1NC(C=C)=O,1
67354554,CN(CC=CCCOc1cc(-c2nc(N3)ncc2)ccc1)Cc1cccc3c1,1
129103609,O=C1C2=C(N3N=C2)N=C(C=C3)N4[C@@](CCC4)([H])C5=CC(F)=CN=C5CCC(C)N1,1
66549796,CC(C)n(c1c2c(N)ncn1)nc2C#Cc1ccccc1,1
24739943,C=CC(Nc(cc12)ccc2ncnc1Nc(cc1)cc(Cl)c1OCc1cc(F)ccc1)=O,1
5328135,CCN(CC)CCCCNc1ncc(cc(-c(c(Cl)ccc2)c2Cl)c(NC(NC(C)(C)C)=O)n2)c2n1,1
53355503,CCCCNc(nc1)nc2c1c(-c(cc1)ccc1F)nn2C[C@H](CC1)CC[C@@H]1N,1
25206185,N#CC1(CC1)c1cccc(C(Nc(cc(cc2)Oc(cc3)nc4c3nc(NC(C3CC3)=O)s4)c2F)=O)c1Cl,1
138108326,Nc1c(c(-c(cc2)ccc2Oc2ccccc2)nn2C3CCN(CCOCCOCC(Nc(cc4)cc(C(N5C(CCC(N6)=O)C6=O)=O)c4C5=O)=O)CC3)c2ncn1,1
72710866,O=C(NC1=C(OCC)C=C2N=CC(C#N)=C(NC3=CC=C(OCC4=NC=CC=C4)C(Cl)=C3)C2=C1)/C=C/[C@@H]5N(C)CCC5.O=C(O)/C=C\C(O)=O.O=C(O)/C=C\C(O)=O,1
45142457,Cn1ncc(-c2cc(C(c(cc(CS(NCc3ncccc3)(=O)=O)cc3)c3C=C3)=O)c3nc2)c1,1
163285805,CC(O)=O.CC[C@H](C)[C@@H](C(N)=O)NC([C@H](C)NC([C@H](CC(N)=O)NC([C@H](CCCNC(N)=N)NC([C@H](CCCNC(N)=N)NC(CNC([C@H]([C@H](O)C)NC([C@H](CCCNC(N)=N)NC(CNC([C@H](CO)NC([C@H](C)NC([C@H]([C@@H](C)CC)NC([C@H](CC1=CC=CC=C1)NC([C@H](CC(O)=O)NC([C@H](C)NC([C@H](CC2=CC=C(O)C=C2)NC([C@H]([C@H](O)C)N)=O)=O)=O)=O)=O)=O)=O)=O)=O)=O)=O)=O)=O)=O)=O)=O,1
135423792,ON=C(c(cccc1)c1N1)C1=C(c1cccc(Br)c1N1)C1=O,1
44467821,Cc(cc1)cc(NC(Nc2nc(ccc(Nc(c3c4)ncnc3cc(OCCCN3CCN(C)CC3)c4OC)c3)c3s2)=O)c1OC,1
135390910,CC1=CC2=C(C(C3=NC(NC4=CC(CN5C[C@H](N[C@H](C5)C)C)=CC(C6CC6)=C4)=NC=C3Cl)=CN2)C=C1,1
24794418,O=C(C1=C(OCC)C=CN(C2=CC=C(F)C=C2)C1=O)NC3=CC=C(OC4=C(Cl)C(N)=NC=C4)C(F)=C3,1
163285792,CC[C@H](C)[C@@H](C(N)=O)NC([C@H](C)NC([C@H](CC(N)=O)NC([C@H](CCCNC(N)=N)NC([C@H](CCCNC(N)=N)NC(CNC([C@H]([C@H](O)C)NC([C@H](CCCNC(N)=N)NC(CNC(CCCCCCCCCCCCC)=O)=O)=O)=O)=O)=O)=O)=O)=O.CC(O)=O,1
24857689,O=S(C1=C(NC2=C(Br)C=NC(NC3=C(OC)C=C(N4CCN(C)CC4)C=C3)=N2)C=CC=C1)(NC)=O,1
22347262,Nc1c(c(-c(cc2)ccc2Oc2ccccc2)nn2C3CCNCC3)c2ncn1,1
2064,COC(c(cc1)ccc1NCc(cc(cc1)O)c1O)=O,1
137628668,CC(C)S(C1=C(NC2=NC(NC3=C(OC(C)C)C=C(C4CCN(CC(NCCNC5=C(C(N(C6C(NC(CC6)=O)=O)C7=O)=O)C7=CC=C5)=O)CC4)C(C)=C3)=NC=C2Cl)C=CC=C1)(=O)=O,1
138320013,Cl.Cl.CC1CN(CC(C)N1)C(=O)C2=CC=C(NC(=O)C3=NN=C(N)C(=C3)OC(C)C4=C(Cl)C(=CC=C4Cl)F)C=C2,1
135416229,O=C1N=C(NC2=C(Cl)C=CC=C2Cl)S/C1=C\C3=CC=C4N=CC=NC4=C3,1
86267612,O=C1N(C)C(NC(C)C)=NC=C1C2=NC(C)=C(OC3=CC(C4=CN(C)N=C4)=NC=C3)C=C2,1
9869737,O=C(NC1=CC=C(C)C(NC2=NC(C3=CC=CN=C3)=CC=N2)=C1)C4=CC=C(CN5CCNCC5)C=C4,1
2048,CC1=C(C)C=C2N=CC(C3=CC=CC=C3)=NC2=C1,1
11684629,OCCOCCn(cc1)c2c1ncnc2Nc(cc1)cc(Cl)c1Oc1cc(C(F)(F)F)ccc1,1
139377809,CC(C)(c(c(Nc1nc(Nc(cc(c(N(CC2)C[C@H]2N(C)C)c2)NC(C=C)=O)c2OC)ncc1)c1)cc(F)c1Cl)O,1
44247727,CNC(c(cc1c(Oc(ccc(NC(NC(Cc2ccccc2)=O)=S)c2)c2F)ccnc1c1)c1OC)=O,1
24767976,O=C(C1=CC(C)=NN1C)NC2=CC(OC3=NN4C(C=C3)=NC(NC(C5CC5)=O)=C4)=CC=C2C,1
71571562,O=C1N(C2=CC=C(OC3=CC=CC=C3)C=C2)C4=C(N)N=CN=C4N1[C@H]5CN(C(C#CC)=O)CC5.[H]Cl,1
256658,Brc1ccc(C(N2)Nc3cccc4cccc2c34)cc1,1
5328769,C[C@@H](c1ccccc1)NC(/C(/C#N)=C/c(cc1)cc(O)c1O)=O,1
25100013,O=C(NCC1=CC=CC=C1)CC2=NC=C(C3=CC=C(OCCN4CCOCC4)C=C3)C=C2.OS(=O)(C)=O,1
72202701,Cn1nc(cc(c(C(c2nnc(cc3)n2nc3-c2cn(C3CC3)nc2)(F)F)c2)F)c2c1,1
57396463,CC(C)(c1c2c(ccc(C#N)c3)c3[nH]1)c(cc(cc1)N(CC3)CCC3N3CCOCC3)c1C2=O,1
57654476,FC(c1nnc(cc2)n1nc2-c1ccncc1)(c1cc2cccnc2cc1)F,1
118139356,O=C(N1CC(OC(C)C)C1)NCC2=CC=C(C3=NC(NC4=CN(C)N=C4)=NC=C3)C=C2C,1
117602383,O=C(NC1=CC=CC(C(F)(F)F)=C1)C2=CC=C(C)C(NC3=NC(C4=CC=CN=C4)=NC5=NN(C)C=C53)=C2,1
117909640,C=CC(Nc1cccc(-c2c3nc(Nc(c(F)c4F)ccc4N4CCN(CCO)CC4)ncc3ccc2)c1)=O,1
78358313,NC1=CC(NC2=NC=CC(C3=CN(C)C4=C3C=CC=C4)=N2)=C(OC)C=C1N(CCN(C)C)C,1
197017,CN(CC1)[C@H](Cc(cccc2)c2-c2c3OC)c2c1cc3O,1
118036840,COCCNc1cc(NC(N2c3nc(C=O)c(CN(CCOC4)C4=O)cc3CCC2)=O)ncc1C#N,1
124111565,C=CC(N(CCC1)C[C@@H]1N(c(ccnc1N)c1N1c(cc2)ccc2Oc2ccccc2)C1=O)=O,1
74766099,COc(cc(c1c2)ncnc1Nc(cc1)cc(Cl)c1F)c2NC(C=C)=O,1
137455315,N#CC1=C2CN(CC)C(C=C3)=NC(N3N=C4N)=C4C(NC[C@H](C)OC2=CC=C1F)=O,1
73442844,O=C(C1=C(C)N(C)N(C2=CC=CC=C2)C1=O)NC3=CC=C(OC4=CC=NC5=CC(OCC(C)(O)C)=CC=C45)C(F)=C3.CC6=CC=C(S(=O)(O)=O)C=C6,1
16048643,CC(C)n1c2ncnc(N)c2c(C(c(cc2)cc(NC(Nc(ccc(Cl)c3)c3Cl)=O)c2OC)=O)c1,1
59757974,CC(C)c1noc(CNc2nc(N3CCN(C)CC3)cc(Nc3n[nH]c(C4CC4)c3)n2)c1,1
92825,CC(C)(CC1)C[C@H]2C3=CC[C@H]([C@@](C)(CC[C@@H]4O)[C@@H](CC5)[C@]4(C)C=O)[C@]5(C)[C@]3(C)CC[C@]12C(O)=O,1
133081975,N[C@H](CC1)CC[C@@H]1NC2=NC3=C(N=CN3C4CCCC4)C(NC5=CC=C(CN6CCOCC6)C=C5)=N2,1
75528891,O[C@H]1[C@@](C2=C)([H])[C@@](OC2=O)([H])CC(C)=C1[C@@H](C)CCCOC(C)=O,1
71295845,O=C1C(C(NC)=O)=C(N)N(CC)C2=NC(C#C[C@@](COC)(C)O)=CC=C21,1
91885507,COC1=C(C=CC2=C1CC[C@H](CC2)N3CCOCC3)NC4=NC=C(C(N[C@@H]5[C@@H]6C[C@H]([C@@H]5C(N)=O)C=C6)=N4)Cl.CS(=O)(O)=O,1
776123,C/C=C(C)\C(O[C@H]1CC(C=C(C=CC(O2)=O)C2=C3)=C3OC1(C)C)=O,1
156598988,CC(O)=O.O=C(O)CC[C@@H](C(O)=O)NC([C@H](C)NC([C@H](CCCNC(N)=N)NC([C@H](CO)NC([C@H](CCCNC(N)=N)NC([C@H](CCCCN)NC([C@H](CCCNC(N)=N)N)=O)=O)=O)=O)=O)=O,1
46088379,O=S(C1=CC=C(OC)C(N2CCN(C(C3=CC=C(F)C=C3C(F)(F)F)=O)CC2)=C1)(N(CC)CC)=O,1
25031915,O=C(NC)C1=C2C=CC(OC3=CC=NC4=CC(OCC5(N)CC5)=C(OC)C=C34)=CC2=CC=C1,1
11294368,O=C1O[C@@]([H])([C@@](C)([C@H]2CC[C@]3([C@@]4([C@H]5[C@@H]([C@@](O)(CC=CC6=O)[C@]6([C@]4(CC[C@@]32C)[H])C)O5)[H])[H])O)CC(C)=C1C,1
154824631,C=CC(=O)NC1=C(C=C2C(=C1)C(=NC=N2)NC3=CC(=C(C=C3)OCC4=CC=CC=N4)Cl)OCCN5CCOCC5,1
3064778,O=C1NC=CC2=C1C=CC=C2S(=O)(N3CCNCCC3)=O,1
6433206,O=S(/C=C/CCN=C=S)C,1
91988953,CCNC(=O)NC1=C(C=C(C=C1)OC2=NC=NC(=C2/C=N/OC)N)Cl,1
130447757,O=C(C1=CC=CN(C2=CC=C(F)C=C2)C1=O)NC3=CC=C(C4=C5C(N)=NC=NN5C(C6CCN(C(C)=O)CC6)=C4)C(F)=C3,1
139350422,CNC(=O)C1=CC2=C(C=CN=C2C=C1OC)OC3=CC=C(C=C3)NC(=O)C4(CC4)C(=O)NC5=CC=C(C=C5)F,1
134611887,CCOC(=O)N1CCC(CC1)NC2=C(C(=O)C2=O)NCCN3CCN(CC3)C4=CC=CC(=C4)C(F)(F)F,1
9843206,COC1=C(C=C2C(=C1)C(=NC=N2)NC3=CC=C(C=C3)OCC4=CC=CC=C4)OC,1
70693519,COC1=C(C=C2C(=C1)N=CN=C2NC3=CC(=C(C=C3)F)Cl)NC(=O)/C=C/CN4CCCCC4.O,1
44381224,COC1=CC=C(C=C1)C2=CN(C3=NC=NC(=C23)N)C4CCCC4,1
715924,C1=CC=C(C=C1)OC2=CC=C(C=C2)NC(=O)C3=CC(=CC=C3)[N+](=O)[O-],1
137297852,O=C1C(C2=NC3=CC=C(N4CCN(C)CC4)C=C3N2)=C(N)C(C=CS5)=C5N1,1
5306,C1CN(CCN1C=O)C2=CC=C(C=C2)C=C3C4=CC=CC=C4NC3=O,1
118224491,CC1=NC=CC(=C1)C2=NC(=CO2)C(=O)NC3=CC4=C(N=C3N5CC[C@H](C5)O)N=C(O4)N6CCOCC6,1
5328112,CC(C)(C)NC(=O)NC1=C(C=C2C=NC(=NC2=N1)N)C3=C(C=CC=C3Cl)Cl,1
74538669,C1CCCNC2=NC=C(C(=N2)NCCCC[C@@H](C(=O)NCC1)N)C(=O)NCC3=CC=C(C=C3)F,1
78243752,CC(N1CCN(C2CCC(N3N=C(C4=CC(NC(C=C)=O)=C(OC5=CC=CC=C5)C=C4)C6=C3N=CN=C6N)CC2)CC1)=O,1
138454761,CC1=C(C=C(C=C1)C(=O)NC2=CC=CC(=C2)C(F)(F)F)C3=CC4=C(C=C3)C(=NN4)C5=CN(N=C5)C6CC6,1
46866319,C[C@@H](C1=CC=C(C=C1)F)NC2=CC(=CC(=N2)NC3=NC=CN=C3)C4=CN(N=C4)C,1
56599590,C[C@@H](C1=CC=C(C=C1)F)NC2=CC(=CC(=N2)NC3=NC=CN=C3)C4=CN(N=C4)C.C(=C\C(=O)O)\C(=O)O,1
89571724,C[C@@H](C1=CC=C(C=C1)F)NC2=CC(=CC(=N2)NC3=NC=CN=C3)C4=CN(N=C4)C.Cl,1
86567195,C[C@H]1CN(CCN1C2=CN=C(C=C2)NC3=CC(=CN(C3=O)C)C4=C(C(=NC=C4)N5CCN6C7=C(CC(C7)(C)C)C=C6C5=O)CO)C8COC8,1
91663352,CC1=CC(=CN=C1)C(=O)NC2=CC=CC(=C2)[C@H](C)NC3=NC(=CN=C3)C4=CC(=C(C=C4)OC)OC,1
156599020,C[C@@H](O)[C@H]1C(N[C@@H](CCCCN)C(N[C@@H](CCC(O)=O)C(NCC(N[C@H](C(O)=O)CSSC[C@H](N)C(N[C@@H](CC(N)=O)C(N2CCC[C@H]2C(N[C@@H](CCSC)C(NCC(N[C@@H](CC3=CC=C(O)C=C3)C(N1)=O)=O)=O)=O)=O)=O)=O)=O)=O)=O.O=C(C)O,1
156599018,CC[C@@H]([C@H](NC([C@@H](NC([C@@H](NC([C@@H](NC([C@@H](N)CCCCN)=O)CCC/N=C(N)\N)=O)CCC/N=C(N)\N)=O)CCC(O)=O)=O)C(N[C@H](C(N[C@H](C(N[C@H](C(N[C@H](C(N1CCC[C@H]1C(N[C@H](C(N[C@H](C(N[C@H](C(O)=O)CCC/N=C(N)\N)=O)CC2=CC=C(O)C=C2)=O)CO)=O)=O)CCC/N=C(N)\N)=O)CCC/N=C(N)\N)=O)CO)=O)CC(C)C)=O)C.O=C(C)O,1
118107483,CC1=C(C=C(C=C1NC(=O)C2=C(C=C(C=C2)C3CC3)F)F)C4=C(C(=NC=N4)N)OCCN(C)C(=O)C=C,1
89884852,CC1=C(C(=CC=C1)Cl)C(=O)NNC(=O)C2=CC(=C(C=C2)C)C#CC3=CC4=CC=CC=C4N=C3,1
49849653,O=C1C(C2=CC(F)=CC=C2N1)=CC(NC(C)=C3C(NCCNCC)=O)=C3C.Cl,1
155977564,O=C([C@H](CCC(O)=O)NC([C@@H](NC([C@H](C(C)C)NC([C@H](CO)NC(CNC([C@H](CO)NC([C@H](CCCNC(N)=N)NC([C@H](CCCCN)NC([C@H]([C@H](O)C)NC([C@@H](N)CCCNC(N)=N)=O)=O)=O)=O)=O)=O)=O)=O)CC1=CC=C(O)C=C1)=O)N(CCC2)[C@@H]2C(N[C@@H](CC(C)C)C(N[C@@H](CCCCN)C(N[C@H](C(O)=O)[C@@H](C)CC)=O)=O)=O.CC(O)=O,1
4879,C1=CC=C(C=C1)N2C3=NC=NC(=C3C=N2)N,1
6450278,C/C=C/1\C(=O)C[C@@H]2[C@@]1(CC[C@H]3[C@H]2CCC4=CC(=O)CC[C@]34C)C,1
117918742,CC1=C[C@@H](CN2C1=C(C3=C(N=CN=C32)N)C4=CC5=CC=CC=C5N=C4)NC(=O)C=C,1
6918736,COC1=C(C=C(C=C1)CS(=O)(=O)/C=C/C2=C(C=C(C=C2OC)OC)OC)NCC(=O)O,1
137333440,CC1=C(C=C(C=C1)NC(=O)C2=CC(=CC=C2)C(F)(F)F)NC(=O)C3=CN=CC(=C3)C4=CN(N=C4)C,1
118161062,C1CN(CCN1C2COC2)C3=CC=C(C=C3)NC4=NC(=CN5C4=NC=C5)C6=CN=CC(=N6)N,1
9797370,COC1=C(C=C2C(=C1)CC3=C2NN=C3NC4=CC(=CC=C4)F)OC,1
53491674,CNC(=O)C1=[N+](C=CC(=C1)OC2=CC(=C(C=C2)NC(=O)NC3=CC(=C(C=C3)Cl)C(F)(F)F)F)[O-],1
139600315,CC(C)OC1=CC(=C(C=C1)F)C2=CN=C(C(=N2)C(=O)NC3=C(C=CN=C3)N4CCC[C@H](C4)C(=O)O)N,1
154805951,CC#C/C(=N\OC[C@H]1COCCN1)/C2=CC3=C(C=C2)N=CN=C3NC4=CC(=C(C=C4)OCC5=CC(=CC=C5)F)Cl.Cl,1
50924632,C1CC(CN(C1)C2=NC=NC3=C2C=CN3)NC(=O)CNC4=CC(=CC=C4)Cl,1
132020316,C1CN(CCN1)C2=CC=C(C=C2)C3=CC4=C(CN(C4=O)C(C5=C(C=CC(=C5)F)O)C(=O)NC6=NC=CS6)C=C3,1
75204377,C=CC(=O)N1CCC[C@H](C1)N2C(=C(C(=N2)C3=CC=C(C=C3)OC4=CC=CC=C4)C(=O)N)N,1
145925710,C[C@@H](C(=O)N[C@@H](CCCN=C(N)N)C(=O)N[C@@H](CCCCN)C(=O)N[C@@H](CCC(=O)O)C(=O)O)NC(=O)[C@H](CCCN=C(N)N)NC(=O)[C@H](CCCCN)NC(=O)[C@H](CCCN=C(N)N)N.C(=O)(C(F)(F)F)O,1
5329829,O=S(C1=CC=CC(NC2=NC=CC(N(C)C3=CC=C(NC(NC4=CC=C(OC(F)(F)F)C=C4)=O)C=C3)=N2)=C1)(N)=O,1
53390843,NCCCSC1=C(C=C(OC)C=C2)C2=NC3=CC=C(OC)C=C31,1
122201352,O=C(NC)C1=CC=C(C2=NN3C(N=C2)=NC=C3CC4=CC=C5N=CC=CC5=C4)C=C1F.[H]Cl.[H]Cl.[H]O[H],1
727529,O=C1NC2=C(C=CC=C2)/C1=C/C3=CC=CS3,1
6509031,O=C1NC2=C(C=CC=C2)/C1=C/C3=CC=CC=C3OCC,1
57519505,O=C(NC1=CC(NC2=NC(N)=NC(C)=C2)=NC=C1)C3=C(Cl)C=CC=C3Cl,1
4553981,S=C(N1N=C(C2=CC=C([N+]([O-])=O)C=C2)C(/N=N/C3=CC=CC(Cl)=C3)=C1O)N,1
129045720,O=C(C1=CC=C(OC2=CC=CC=C2)C=C1Cl)C3=CNC4=NC=NC(N[C@H]5CO[C@H](CO)CC5)=C43,1
5458879,O=C(NCCC1=CNC2=C1C=C(O)C=C2)/C=C/C3=CC=C(O)C=C3,1
135409305,COCCOC1=C(C=C2C(=C1)C(=O)NC=N2)OCCOC,1
154925632,Cl.NCCCNc1ccc(Nc2nccc(Nc3cc([nH]n3)C3CC3)n2)cc1,1
155977517,Cl.Cl.Cc1n[nH]c2ccc(cc12)-c1cncc(OC[C@@H](N)Cc2ccccc2)c1,1
2858708,CCOc1ccc(cc1)C(=O)Nc1ncc(s1)[N+]([O-])=O,1
54767257,Cl.COc1cc2ncnc(Nc3ccc(Cl)c(Cl)c3F)c2cc1OC1CCN(CC1)C(=O)C=C,1
44470103,OC(=O)\C=C\C(O)=O.OC(=O)\C=C\C(O)=O.CNC(=O)CN1CCC(CC1)Oc1cc2c(Nc3cccc(Cl)c3F)ncnc2cc1OC,1
24959105,Cc1n[nH]c2ccc(cc12)C1C(C#N)=C(C)NC(C)=C1C#N,1
24768591,O.CNC(=O)c1cc(Oc2ccc(NC(=O)Nc3ccc(Cl)c(c3)C(F)(F)F)c(F)c2)ccn1,1
135496227,Oc1cc2ncnc(Nc3ccc(F)c(Cl)c3)c2cc1OCCCN1CCOCC1,1
154573782,CN1CCN(CC1)c1ccc(Nc2ncc(C(=O)Nc3c(C)cccc3Cl)c(Nc3ccccc3NC(=O)C=C)n2)cc1,1
138911391,COc1cc(N2CCC(CC2)N2CCN(C)CC2)c(C)cc1Nc1ncc(Br)c(Nc2ccc3nccnc3c2P(C)(C)=O)n1,1
2988718,CCS(=O)(=O)c1ncc(Cl)c(n1)C(=O)N(Cc1ccco1)Cc1ccc(Cl)cc1,1
16757572,O.Cl.Cc1cn(cn1)-c1cc(NC(=O)c2ccc(C)c(Nc3nccc(n3)-c3cccnc3)c2)cc(c1)C(F)(F)F,1
72694302,OC(=O)CCCCC(O)=O.C[C@@H](N)COc1ccc(cc1)-c1cnc2ccc(N[C@H](C)c3cccc(F)c3)nn12,1
118295624,CNc1ncc2cc(-c3c(Cl)c(OC)cc(OC)c3Cl)c(=O)n(CCCN3CCN(CC3)C(=O)C=C)c2n1,1
9861903,Cl.NCCNS(=O)(=O)c1cccc2c(Cl)cccc12,1
73388818,CC(C)(\C=C(/C#N)C(=O)N1CCC[C@H](C1)n1nc(-c2ccc(Oc3ccccc3)cc2F)c2c(N)ncnc12)N1CCN(CC1)C1COC1,1
91667513,NC(=O)c1ccc(nc1-c1ccc(Oc2ccccc2)cc1)C1CCN(CC1)C(=O)C=C,1
146018837,COC1=CC=C(C2=NOC(NC3=NC(N4CCOCC4)=NC=C3)=C2)C=C1,1
4877,CC(N1N=C(C2=C3C=CC=CC3=CC=C2)C4=C(N)N=CN=C41)(C)C,1
22346757,Nc3ncnc4nnc(c2ccc(Oc1ccccc1)cc2)c34,1
25230468,CC1(C)CCC(=CC1)c1nc(ccc1NC(=O)c1ncc([nH]1)C#N)C1CC(C)(C)OC(C)(C)C1,1
86705695,CCN(C(N(C(C(F)=C(OC)C=C1OC)=C1F)C2)=O)C(C2=CN3)=C4C3=NC(CN5CCOCC5)=C4,1
58223272,Nc1ncnc2n(nc(-c3ccc(Oc4ccccc4)cc3)c12)[C@@H]1CCCNC1,1
56650915,Cn1cc(cn1)-c1ccc2nnc(Sc3ccc4nn(C)cc4c3)n2n1,1
11700696,Cc1ccc(cc1)S(O)(=O)=O.Cc1ccc(cc1)S(O)(=O)=O.CN1CCN(CC1)C(C)(C)C#Cc1cc2ncnc(Nc3ccc(F)c(Cl)c3)c2cc1NC(=O)C=C,1
46834118,COCCNCCc1cccc(Nc2ncc3C[C@@H](c4ccccc4F)c4ccccc4-c3n2)c1,1
60165029,Cc1c(C(=O)Nc2ccc(Oc3ccnc4cc(OCC(C)(C)O)ccc34)c(F)c2)c(=O)n(-c2ccccc2)n1C,1
25024769,CS(O)(=O)=O.CN1CCN(Cc2ccc(cc2)C(=O)Nc2ccc(C)c(Nc3nc(cs3)-c3cccnc3)c2)CC1,1
11237762,CS(O)(=O)=O.COc1cc2nccc(Oc3ccc(NC(=O)NC4CC4)c(Cl)c3)c2cc1C(N)=O,1
67973512,Cl.Cl.CC(C)Oc1cc(C2CCNCC2)c(C)cc1Nc1ncc(Cl)c(Nc2ccccc2S(=O)(=O)C(C)C)n1,1
139035038,CCNS(=O)(=O)c1ccc(COc2ccc3nc4ccc(=O)cc4oc3c2)cc1,1
6603792,Nc1ncnc2n(cc(-c3ccc(Oc4ccccc4)cc3)c12)C1CCCC1,1
24853523,CN(C)[C@H]1CCN(Cc2ccc(cc2C(F)(F)F)C(=O)Nc2ccc(C)c(Nc3ncc(cn3)-c3cncnc3)c2)C1,1
176406,Cl.CC(C)N(CCC(=O)C1=CC=C2C=CC=CC2=C1)CC1=CC=CC=C1,1
11703284,CC1=NC(=CC=C1)C1=NNC=C1C1=CC(C2=CN(CCO)N=C2)=C(F)C=C1,1
129073603,COC1(CCC(CC1)C1=NC(C)=CC(NC2=NNC(C)=C2)=N1)C(=O)N[C@@H](C)C1=CN=C(C=C1)N1C=C(F)C=N1,1
68289010,C[C@H](N1N=NC2=NC=C(N=C12)C1=CN(C)N=C1)C1=CN2C=CN=C2C=C1,1
139600282,CC1=C(SC=N1)C1=CC=C(CNC(=O)C2CC(O)CN2C(=O)C(NC(=O)COCCOC2=CC=C(C=C2)C2=CC(NC3=CC=C(OC(F)(F)F)C=C3)=NC=N2)C(C)(C)C)C=C1,1
44516822,CS(O)(=O)=O.CC(C)(C)C1=NC(=C(S1)C1=NC(N)=NC=C1)C1=C(F)C(NS(=O)(=O)C2=C(F)C=CC=C2F)=CC=C1,1
134821691,[2H]C([2H])([2H])NC(=O)C1=NN=C(NC(=O)C2CC2)C=C1NC1=CC=CC(C2=NN(C)C=N2)=C1OC,1
71269142,OC1CCN(CC1)C1=CC=C(NC2=NC(=NC3=C2C(=O)NN=C3)N2CCC(CC#N)CC2)C=C1,1
145994823,NC(=O)C1=CC=C(C=C1)C1=C2N=C(NCC3=CC=CN=C3)C=CN2N=C1,1
89495685,CN1CCN(CC2=CC=C(C=C2)C2=CN([C@H]3CC[C@H](O)CC3)C3=NC(NCCC4CC4)=NC=C23)CC1,1
138513760,Fc1c(Br)cccc1Nc1ncnc2cc3OCCOc3cc12,1
121231408,COc1cc(ccc1NC(=O)OC(C)(C)C)-c1nn(CCN2CCC(CC2)N(C)C)c2ncnc(N)c12,1
24906291,CN(C)c1ccc(C=C2C(=O)Nc3ccccc23)c2ccccc12,1
71584930,CCn1c2cc(NC)ncc2cc(-c2cc(NC(=O)Nc3ccccc3)c(F)cc2Br)c1=O,1
59215954,CN(C)C(=O)N1CC[C@@H](C1)NC(=O)c1c(C)[nH]c(\C=C2/C(=O)Nc3ccc(F)cc23)c1C,1
90645873,COc1cc2nccc(Oc3ccc(NC(=O)c4cc5C(=O)CCCc5n(-c5ccccc5)c4=O)nc3)c2cc1OC,1
53239799,Cl.CCc1cc2C(=O)c3c([nH]c4cc(ccc34)C#N)C(C)(C)c2cc1N1CCC(CC1)N1CCOCC1,1
71576688,Cl.C[C@@H](Oc1cc(cnc1N)-c1cnn(c1)C1CCNCC1)c1c(Cl)ccc(F)c1Cl,1
66577009,Cl.CNC(=O)c1cc(Oc2ccc(NC(=O)Nc3ccc(Cl)c(c3)C(F)(F)F)c(F)c2)ccn1,1
135398503,Oc1[nH]c2ccc(F)cc2c1-c1[nH]c2ccccc2c1N=O,1
66965363,Cc1[nH]c(C=C2C(=O)Nc3ccc(F)cc23)c(C)c1C(=O)NC[C@H](O)CN1CCOCC1,1
134436906,COc1ccc(CN2C3CC2CN(C3)c2ccc(cn2)-c2cc(OCC(C)(C)O)cn3ncc(C#N)c23)cn1,1
118607832,COc1cc(N(C)CCN(C)C)c(NC(=O)C=C)cc1Nc1ncc(C(=O)OC(C)C)c(n1)-c1cn(C)c2ccccc12,1
629964,COc(cc1)ccc1C(Oc1c2c(OC)cc(OC)c1OC)=CC2=O,1
10217,COc(ccc1c2CN(CCc(c3c4)cc5c4OCO5)C3=C1)c2OC,1
139266773,CCOC1(c2ccc(-c3cc4c(N5CCN(C(=O)OC6CCOC6)CC5)ccnn4c3)nc2)CCN(C(C)C)CC1,1
145925694,Cn1ccc(-c2cncc(CNc3cc(C(=O)Nc4cccc(OC(F)(F)F)c4)ccc3F)c2)n1,1
46910592,CS(=O)(=O)O.Cc1ncc(NC(=O)c2ccc(CN3CCN(C)CC3)c(C(F)(F)F)c2)cc1Nc1nccc(-c2cccnc2)n1,1
130275856,C=CC(=O)N1CCCC(n2nc(C(=O)Nc3ccc(CC(=O)N(C)C)c(C)c3C)c3c(N)ncnc32)C1,1
11477833,CCN1CCN(Cc2ccc(NC(=O)Nc3ccc(Oc4ccnc(N)n4)cc3)cc2C(F)(F)F)CC1,1
3545,O=S(=O)(c1cccc2cnccc12)N1CCNCC1,1
2063,COc1ccc(C=C(C#N)C#N)cc1,1
118029202,C=CC(=O)Nc1cc(N2CCN(CC)CC2)ccc1Nc1cc(N(C)C(=O)Nc2c(Cl)c(OC)cc(OC)c2Cl)ncn1,1
135565884,C=CC(=O)N1CCC(C2CCNc3c(C(N)=O)c(-c4ccc(Oc5ccccc5)cc4)nn32)CC1,1
71554322,Cn1cc(-c2ccc3c(c2)ncn3-c2cc(NS(=O)(=O)C3CC3)cc(-c3ccc(F)cc3F)c2)cn1,1
46188928,O=C(Nc1cnn2ccc(N3CCC[C@@H]3c3cc(F)ccc3F)nc12)N1CC[C@H](O)C1,1
2054170,O=C(NCCO)c1cc(C(=O)NCCO)cc(C(=O)NCCO)c1,1
59596344,CC(=O)Nc1cc(Oc2ccc3c(c2)CCN3C(=O)Nc2ccc(CN3CCN(C)CC3)c(C(F)(F)F)c2)ncn1,1
129103609,C[C@@H]1CCc2ncc(F)cc2[C@H]2CCCN2c2ccn3ncc(c3n2)C(=O)N1,1
9934283,Cc1cc(C(=O)Nc2cc(Nc3ccc4c(/C=C/c5ccccn5)n[nH]c4c3)ccc2F)n(C)n1,1
40135492,Cc1cc(CSc2ccccc2C(=O)NCCNc2ccc(C(F)(F)F)cc2[N+](=O)[O-])on1,1
10066681,Cl.CC(C)(C)n1nc(-c2cccc3ccccc23)c2c(N)ncnc12,1
16034840,OP(O)(O)=O.Cc1[nH]c(\C=C2/C(=O)Nc3ccc(F)cc23)c(C)c1C(=O)NCCN1CCCC1,1
5409279,Oc1ccc2c(c1)occc2=O,1
22507438,Oc1ccc(-c2cc(=O)c3ccccc3o2)c(O)c1O,1
129010512,CCCCCC(=O)N[C@@H](Cc1ccc(O)cc1)C(=O)N[C@@H]([C@@H](C)CC)C(=O)NCCCCCC(N)=O,1
54759275,[H][C@]12CCN(C)[C@@]1([H])CN(C2)C(=O)Nc1cc2c(Nc3cccc(c3)C#C)ncnc2cc1OC,1
15980598,NCc1ccc(Nc2ncc(F)c(Nc3ccccc3)n2)cc1,1
78260,Cl.Cl.Cl.Cl.Nc1cc(N)c(N)cc1N,1
100094,N[C@@H](CCC(O)=O)C(=O)N[C@@H](Cc1c[nH]c2ccccc12)C(O)=O,1
134828257,CS(O)(=O)=O.CN(C)CCN(C)c1nc(OCC(F)(F)F)c(Nc2nccc(n2)-c2cn(C)c3ccccc23)cc1NC(=O)C=C,1
3185,Cl.Cl.Cc1cccc(CCN2CCC(CC2)C(=O)c2ccc(NS(C)(=O)=O)cc2)n1,1
16086114,Cc1ccc(C(=O)Nc2cccc(C(F)(F)F)c2)cc1-c1ccc2nc(NCCN3CCOCC3)ncc2c1,1
52936034,COc1ncc(F)cc1CNc1ccc(Cc2c[nH]c3ncc(C)cc23)c(F)n1,1
5328793,OC(=O)C(=C\c1ccc(O)c(O)c1)\C#N,1
154578321,Cl.Fc1ccc(cc1)-c1ccc2nnc(Sc3ccc4nc(NC(=O)NCCN5CCOCC5)sc4c3)n2n1,1
93004,[H][C@@]12[C@H]3CC[C@H](O3)[C@]1([H])C(=O)OC2=O,1
137319707,Cl.COc1cc(N(C)CCN(C)C)c(NC(=O)C=C)cc1Nc1nccc(n1)-c1cn(C2CC2)c2ccccc12,1
131839646,Cc1cc(cc(n1)C#Cc1ccc2c3c(oc2c1)C(C)(C)c1cc(NS(C)(=O)=O)ccc1C3=O)C(=O)NC(C)(C)C,1
25163930,Cc1ccc(Nc2c(cnc3cc(ccc23)-c2ccncc2)C(N)=O)cc1C,1
58522530,COc1cc(ccc1Nc1ncc(c(Oc2cccc3CCC(=O)c23)n1)C(F)(F)F)C(=O)NC1CCN(C)CC1,1
102004307,OC(=O)C(F)(F)F.OC(=O)C(F)(F)F.CC1CN(CC2CCN(Cc3ccccc3)CC2)C(=O)N(C1)c1cccc(c1)C(N)=N,1
5329032,COc1cc2c(Nc3ccc(Br)cc3F)ncnc2cc1OCCn1ccnn1,1
71736582,COc1cc(OC)c(F)c(COc2cnc(Nc3cnn(CCO)c3)nc2)c1F,1
10433653,CCN1CCC(CC1)Nc1ccc2NC(=O)\C(=C(/c3ncc(C)[nH]3)c3cccc(F)c3)c2c1,1
121280087,COc1cc(N(C)CCN(C)C)c(NC(=O)C=C)cc1Nc1nccc(n1)-c1cn(C2CC2)c2ccccc12,1
11638044,Nc1c(cnc2c(cnn12)-c1cccnc1)-c1cccc(O)c1,1
11594862,COc1cccc(c1)-c1cnc2c(cnn2c1N)-c1cccnc1,1
78427026,CCOc1cc(=O)[nH]cc1-c1ccc(CC(=O)Nc2cc(on2)C(C)(C)C(F)(F)F)c(F)c1,1
119081412,NC(CO)(CO)CO.NC(CO)(CO)CO.Nc1nccc(Oc2ccc(NC(=O)c3cn(COP(O)(O)=O)cc(-c4ccc(F)cc4)c3=O)cc2F)c1Cl,1
117797905,Cn1cc(cn1)-c1cnc2cnn(c2c1)S(=O)(=O)c1cnc2ccc(cn12)-c1cnn(C)c1,1
90488998,Cl.Cl.Cc1c(NC(=O)OC[C@@H]2COCCN2)cn2ncnc(Nc3ccc4n(Cc5cccc(F)c5)ncc4c3)c12,1
134814269,COCCOc1cc(F)c2c(Nc3ccc(NC(=O)Cn4cc(nn4)C(C)C)cc3)ncnc2c1,1
121293929,CC#CC(=O)N[C@H]1CCCN(C1)c1c(F)cc(C(N)=O)c2[nH]c(C)c(C)c12,1
4707,CNc1cc2c(Nc3cccc(Br)c3)ncnc2cn1,1
71550931,CCc1ccc(cc1C#Cc1cnc2ccnn2c1)C(=O)Nc1cc(CN2CCN(C)CC2)cc(c1)C(F)(F)F,1
118115473,C[C@H]1CC[C@H](CN1C(=O)C=C)Nc1ncnc2[nH]ccc12,1
135837779,CCN(C)C(=O)c1ccc2c(NC(=O)\C2=C(/Nc2ccc(CN3CCCCC3)cc2)c2ccccc2)c1,1
16202218,COc1ccc2c(Nc3cc(NC(=O)c4cccc(c4)C(C)(C)C#N)ccc3C)ncnc2c1,1
9549299,FC(F)(F)c1cccc(Nc2cc(Nc3cccc(NC(=O)C4CC4)c3)ncn2)c1,1
126689157,CC(C)n1c2c(cnc3cc(F)c(cc23)-c2ccc(OCCCN3CCCCC3)nc2)n(C)c1=O,1
72165228,O[C@@H]1CCN(C1)c1ncc(cc1-c1ccn[nH]1)C(=O)Nc1ccc(OC(F)(F)Cl)cc1,1
122573030,Cl.COc1cc2nccc(Oc3ccc(NC(=O)C4(CC4)C(=O)Nc4ccc(F)cc4)cc3)c2cc1OC,1
637760,O=C(\C=C\c1ccccc1)c1ccccc1,1
23663413,[Na+].CCCCC[C@H](O)CC[C@H]1[C@H](O)C[C@@H]2Cc3c(C[C@H]12)cccc3OCC([O-])=O,1
90488983,Cl.CC(C)CNc1ccnc(NCc2csc(n2)-c2ccccc2)n1,1
5328768,NC(=O)C(=C\c1ccc(O)c(O)c1)\C#N,1
86582336,Cc1c(cccc1-n1c(=O)n(C)c2c(F)cccc2c1=O)-c1c(F)cc(C(N)=O)c2[nH]c3C[C@H](CCc3c12)C(C)(C)O,1
118023034,Cn1cc(cn1)-c1cc2c(ncnn2c1)N1CCN(CC1)c1ncc(cn1)[C@@](C)(N)c1ccc(F)cc1,1
10387982,Cc1cccc(n1)-c1[nH]c(nc1-c1ccc2OCOc2c1)C12CCC(CC1)(CC2)C(N)=O,1
86280646,Cc1cc(c(NS(=O)(=O)c2cccc(c2)C(O)=O)cc1-c1cccnc1)[N+]([O-])=O,1
11501591,C(Nc1ncnc2oc(c(-c3ccccc3)c12)-c1ccccc1)[C@@H]1CCCO1,1
135445730,[Na+].Nc1nc2n(cnc2c(=O)[nH]1)[C@@H]1O[C@@H]2COP([O-])(=O)O[C@H]2[C@H]1O,1
135476717,CCS(O)(=O)=O.COC(=O)c1ccc2c(NC(=O)\C2=C(/Nc2ccc(cc2)N(C)C(=O)CN2CCN(C)CC2)c2ccccc2)c1,1
71621331,COc1cc(OC)cc(c1)C#Cc1nn([C@H]2CCN(C2)C(=O)C=C)c2ncnc(N)c12,1
11316711,Cl.COc1cc2ncnc(Nc3cccc(I)c3)c2cc1OC,1
162823,O=C(OC)C2=CO[C@@H](O[C@@H]1O[C@H](CO)[C@@H](O)[C@H](O)[C@H]1O)[C@H]3[C@@H]2[C@H](O)C[C@]3(C)OC(C)=O,1
5315459,Oc1cc(O)cc2OC(=CC(=O)c12)c6cc(c5c(O)cc(O)c3c5OC(=CC3=O)c4ccc(O)cc4)c(OC)cc6,1
135502903,ON=C1C(=O)Nc2c1ccc(Cl)c2Cl,1
135402990,Cc1[nH]c2ccccc2c1\C=C1/NC(=S)NC1=O,1
11714353,FC(F)(F)c1cccc(c1)C(=O)Nc5cc(NC(=O)c4cnc(Nc2nc(C)nc(c2)N3CCN(CCO)CC3)s4)c(C)cc5,1
67406169,CC(=O)Nc1cc(ncn1)Oc2ccc3c(c2)cccc3C(=O)Nc5ccc(CN4CCN(C)CC4)c(c5)C(F)(F)F,1
1838043,Oc1ccc(\C=C(/C#N)C(=O)N2CCc3ccccc23)cc1O,1
542158,OCCN(CCO)c1ccc(cc1)C(c1ccc(Cl)cc1)c1ccc(cc1)N(CCO)CCO,1
121269225,COc1cc(N2CCOCC2)c(NC(=O)C=C)cc1Nc1nccc(n1)-n1cc(CN(C)C)c(n1)-c1ccccc1,1
10752,C1=CC=C2C(=C1)C=C(C(=O)O2)C(=O)O,1
131884587,C\C(C)=C/CC=C(C)[C@H]1CC[C@]2(C)[C@@H]1[C@H](O)C[C@@H]1[C@@]3(C)CC[C@H](O[C@@H]4O[C@H](CO)[C@@H](O)[C@H](O)[C@H]4O[C@@H]4O[C@H](CO)[C@@H](O)[C@H](O)[C@H]4O)C(C)(C)[C@@H]3CC[C@@]21C,1
3663,CC1=CC(=C2C3=C1C4=C5C(=C(C=C4C)O)C(=O)C6=C(C=C(C7=C6C5=C3C8=C7C(=CC(=C8C2=O)O)O)O)O)O,1
65085,Nc1[nH]c(=O)nc2n(cnc12)[C@@H]1O[C@H](CO)[C@@H](O)[C@H]1O,1
25659,C[N+]1=CC2=CC(=C(C=C2C3=C1C4=CC5=C(C=C4C=C3)OCO5)OC)OC.[Cl-],1
6506548,Cc1coc2C\C(C)=C\CC\C(C)=C\C(=O)c12,1
275182,COc1cc2CCN(C)[C@H]3Cc4ccc(Oc5cc(C[C@H]6N(C)CCc7cc(OC)c(OC)c(Oc1cc23)c67)ccc5O)cc4,1
72435,COc1cc(cc(OC)c1OC)[C@H]1[C@H]2[C@H](COC2=O)[C@@H](O)c2cc3OCOc3cc12,1
23669636,[Na+].COc1cc(\C=C\C([O-])=O)ccc1O,1
672296,C1OC2=C(O1)C=C(C=C2)/C=C/[N+](=O)[O-],1
9825149,C1CCN(C1)CC2CC(C2)N3C=C(C4=C3N=CN=C4N)C5=CC(=CC=C5)OCC6=CC=CC=C6,1
57336812,CS(=O)(=O)c1ccc(cc1)c2cccn3nc(nc23)Nc4cccc(c4)N5CCN(C)CC5,1
67030,c1ccc2c(c1)C(=O)c1c(C2=O)cc(cc1)C(=O)O,1
137247305,O=C1O[V+](=O)(Oc2c1nccc2)OC(=O)c1ncccc1O.O.O.O.O.[H-],1
73425588,CCCCNc1ncc2c(cn([C@H]3CC[C@H](O)CC3)c2n1)-c1ccc(CN2CCN(C)CC2)cc1,1
46870258,CN1CCN(CC1)c1ccc(Nc2nc3c(c(C)c[nH]3)c(n2)c2cc(CC#N)ccc2)cc1F,1
72435,COc1cc(cc(OC)c1OC)[C@H]1[C@H]2[C@H](COC2=O)[C@@H](O)c2cc3OCOc3cc12,1
24765037,Cc1ccc(cc1)-n1nc(cc1NC(=O)NCc1cc(F)ccc1Oc1ccc2n(CCO)ncc2c1)C(C)(C)C,1
11525740,Cl.CN(C1=CC2=NN(C)C(C)=C2C=C1)C1=NC(NC2=CC=C(C)C(=C2)S(N)(=O)=O)=NC=C1,1
89455219,Nc1ncnc2n([C@H]3CCCN(C3)C(=O)C=C)c(=O)n(-c3ccc(Oc4ccccc4)cc3)c12,1
56649281,CN1CCN(CC1)C1=CC=C(NC2=NC=C3C=C(C#N)C(=O)N(C4CCCC4)C3=N2)C=C1,1
44631937,OC(=O)\C=C/C(O)=O.CNS(=O)(=O)C[C@H]1CC[C@@H](CC1)N(C)C1=C2C=CNC2=NC=N1,1
313619,[O-][N+](=O)c1ccc(Sc2cccc[n+]2[O-])c2nonc12,1
46194178,CN1N(C(=O)C(C(=O)NC2=CC=C(OC3=CC=NC4=C3C(=CN4)C3=CC=CC=C3)C(F)=C2)=C1C)C1=CC=C(F)C=C1,1
39065,CC1=CC=CC(OC2=CNC(=O)N=C2)=C1,1
25161177,Nc1ncnc(C(=O)N[C@H](C)c2ncc(C(=O)Nc3ncc(Cl)c(C(F)(F)F)c3)s2)c1Cl,1
2175947,C1(C/C(=C\c2cnccc2)/C(=O)/C(=C/c2cnccc2)/C1)CC,1
71721540,CNc1ncc2cc(c(C)nc2n1)-c1cc(NC(=O)NCCC(C)(C)C)c(F)cc1C,1
67330085,C1C[C@@H](N(C1)c1nc2c(cnn2cc1)NC(=O)N1CC[C@@H](C1)O)c1c(ccc(c1)F)F.OS(=O)(=O)O,1
42642654,OCCONC(=O)c1ccc2cncn2c1Nc1ccc(I)cc1F,1
68019246,COc1ccc(cc1OC)\C=C\C(=O)C1(CCCCC1)C(=O)\C=C\c1ccc(OC)c(OC)c1,1
91825767,CN1CCN(CC1)c1ccc(cc1)Nc1ncc2CN(C(=O)N(c2n1)Cc1ccc(cc1)NC(=O)C=C)c1cc(cc(c1)OC)OC,1
121231412,c1ccc2c(c1)CN(C2=O)C(C(=O)Nc1sccn1)c1cc(ccc1O)F,1
50922691,CCN1C(=CC2=C3C(=C(N=C21)NC4=NN(C(=C4)C)C)N=CN3C)C(=O)N(C5CC5)C6CC6,1
135567102,CCNC(=O)C#Cc1ccc2c(NC(=O)\C2=C(/Nc2ccc(CN(C)C)cc2)c2ccccc2)c1,1
11784504,COC1=C(C=C(C=C1)C2=CC3=NC=CN3C(=N2)NC4=C(C=CC=N4)C(=O)N)OC.Cl.Cl,1
121499159,Cc1cc(Oc2ccccc2)ccc1Nc1c2cc(OC)c(OC)cc2ncn1.Cl,1
60202647,C[C@H]1CC[C@@H](CC1)n1c2cnccc2c2cnc(Nc3ccc4CN(CCc4n3)C(=O)CO)nc12,1
23702958,[Na+].Nc1ncnc2n([C@@H]3O[C@@H]4COP([O-])(=O)O[C@H]4[C@H]3O)c(Br)nc12,1
44607531,CN1CCN(CC1)C1=CC=C(NC2=NC=C(Cl)C(SC3=CC(NC(=O)C=C)=CC=C3)=N2)C=C1,1
44607360,CN1CCN(CC1)c1ccc(Nc2ncc(Cl)c(Oc3cccc(NC(=O)C=C)c3)n2)cc1,1
22386467,Cl.Cl.Clc1ccc(Nc2nnc(Cc3ccncc3)c3ccccc23)cc1,1
135419190,CC(C)(C)c1cc(cc(c1O)C(C)(C)C)\C=C(/C#N)C(N)=S,1
2049,COc1cc2nc(cnc2cc1OC)c3ccccc3,1
44182295,Fc1cc(OC)c(NS(=O)(=O)C2(CC2)C[C@H](O)CO)c(Nc2ccc(I)cc2F)c1F,1
10317566,Cl.COCCOC1=CC2=C(C=C1OCCO)C(NC1=CC=CC(=C1)C#C)=NC=N2,1
10436839,[I-].CCCCCCCCCCCCCCCCn1cc[n+](Cc2ccccc2)c1C,1
16118392,C1(CC1)(C(=O)Nc1c(cc(cc1)Oc1cc(ncc1)NC(=O)N1CCC(CC1)N1CCN(CC1)C)F)C(=O)Nc1ccc(cc1)F,1
54766013,Cc1cccc(n1)-c1[nH]c(CNc2ccccc2F)nc1-c1ccc2ncnn2c1,1
135611162,O.CC(O)C(O)=O.CN1CCN(CC1)c1ccc2nc([nH]c2c1)-c1c(N)c2c(F)cccc2[nH]c1=O,1
6420138,CC1=C(SC(N)=N1)C1=NC(NC2=CC=C(C=C2)N2CCOCC2)=NC=C1,1
5281222,c1cc(c(cc1/C=C/C(=O)c1c(cc(cc1)O)O)O)O,1
135440466,CC1=C2N=C(NC2=CC(=C1)N1CCOCC1)C1=C(NC[C@@H](O)C2=CC=CC(Cl)=C2)C=CNC1=O,1
24856041,CC1=CSC(=C1)C1=NN=C(NC2=CC=C(OC3=C(C=CC=N3)C3=NC(N)=NC=C3)C=C2)C2=C1C=CC=C2,1
24901704,Cn1cc(nc1)c1cc2nccc(c2s1)Oc1c(cc(cc1)NC(=S)NC(=O)Cc1ccccc1)F,1
135399748,[nH]1c(=O)c(c(c2cc(ccc12)Cl)N[C@@H]1CN2CCC1CC2)c1[nH]c2c(n1)cccc2,1
16747388,Cc1ccc(cc1Nc1nc(nc2n(C)ncc12)-c1cccnc1)C(=O)Nc1cccc(c1)C(F)(F)F,1
23635314,C1COCCN1CCOc1ccc(cc1)c1cnc(cc1)CC(=O)NCc1ccccc1,1
98288269,CO[C@H]1C[C@H](C)CC2=C(OC)C(=O)C=C(NC(=O)\C(C)=C\C=C/[C@H](OC)[C@@H](OC(N)=O)\C(C)=C/[C@H](C)[C@H]1O)C2=O,1
11249084,CCC1=CC=CC(CC)=C1NC(=O)N1CC2=C(C1)C(NC(=O)C1=CC=C(C=C1)N1CCN(C)CC1)=NN2,1
449054,Cc1cccc(n1)c1c(cn[nH]1)c1nc2c(cc1)nccc2,1
23625762,COc1ccc2cc(ccc2c1)-c1[nH]c(nc1-c1ccncc1)-c1ccc(cc1)S(C)=O,1
25027665,Cc1ccc(cc1)S(=O)(=O)O.C=CC(=O)Nc1cc2c(cc1)ncnc2Nc1cc(c(cc1)OCc1cc(ccc1)F)Cl,1
10317566,COCCOc1cc2ncnc(Nc3cccc(c3)C#C)c2cc1OCCO,1
135398492,CN(C)Cc1cccc(N\C(c2ccccc2)=C2/C(=O)Nc3cc(ccc23)C(N)=O)c1,1
11387605,CN(C)[C@H]1CCN(Cc2ccc(cc2C(F)(F)F)C(=O)Nc2ccc(C)c(Nc3nccc(n3)-c3cncnc3)c2)C1,1
25099184,Cc1cc(n[nH]1)Nc1c(cc(c(n1)N[C@@H](C)c1ccc(cc1)F)C#N)F,1
11222830,CCC[C@H](NC(=O)C(=C\c1cccc(Br)n1)\C#N)c1ccccc1,1
11656518,CN1C(NC2=CC=C(C=C2)C(F)(F)F)=NC2=C1C=CC(OC1=CC=NC(=C1)C1=NC=C(N1)C(F)(F)F)=C2,1
135398510,CN1CCN(CC1)c1ccc2nc([nH]c2c1)-c1c(N)c2c(F)cccc2[nH]c1=O,1
46215462,Nc1nc(Nc2ccc3CC[C@@H](CCc3c2)N2CCCC2)nn1-c1cc2CCCc3ccccc3-c2nn1,1
4878,CC(C)(C)n1c2c(c(n1)c1ccc(cc1)Cl)c(ncn2)N,1
72716071,COc1cc(ccc1Nc1nccc(n1)-c1cn(C)c2cnccc12)N1CCN(C)CC1,1
25033539,COc1ccc(cn1)-c1cc2c(C)nc(N)nc2n([C@H]2CC[C@@H](CC2)OCCO)c1=O,1
5702541,Cl.Cl.Brc1ccc(\C=C\CNCCNS(=O)(=O)c2cccc3cnccc23)cc1,1
44607530,COc1c(Nc2ncc(Cl)c(Oc3cc(NC(=O)C=C)ccc3)n2)ccc(c1)N1CCN(C)CC1,1
9941095,Cc1ccc(cc1)S(O)(=O)=O.Cc1ccc(cc1)S(O)(=O)=O.CS(=O)(=O)CCNCc1ccc(o1)-c1ccc2ncnc(Nc3ccc(OCc4cccc(F)c4)c(Cl)c3)c2c1,1
656667,Cl.COC(=O)C1=C(C)NC(C)=C([C@@H]1c1cccc(c1)[N+]([O-])=O)C(=O)O[C@@H]1CCCN(Cc2ccccc2)C1,1
16220066,CCO.N\C(Sc1ccccc1N)=C(C#N)/C(C#N)=C(\N)Sc1ccccc1N,1
10127622,Cn1cnc2c(F)c(Nc3ccc(Br)cc3Cl)c(cc12)C(=O)NOCCO,1
54676905,C\C(O)=C(/C#N)C(=O)Nc1cc(Br)ccc1Br,1
5329099,Cc1[nH]c(\C=C2/C(=O)Nc3ccccc23)c(C)c1CCC(O)=O,1
16118986,OS(=O)(=O)c1ccccc1.CN(c1c(CNc2c(cnc(Nc3ccc4NC(=O)Cc4c3)n2)C(F)(F)F)cccn1)S(=O)(=O)C,1
11984591,OS(=O)(=O)c1ccccc1.COc1cc(Nc2ncc(F)c(Nc3ccc4OC(C)(C)C(=O)Nc4n3)n2)cc(OC)c1OC,1
9808844,CNC(=O)c1nccc(c1)COc1nnc(c2c1occ2)Nc1ccc(cc1)Cl,1
54613581,N1(c2ccc(c3cnc4n(c3)ncc4c3ccnc4c3cccc4)cc2)CCNCC1.Cl,1
50878566,N#CC[C@@H](C1CCCC1)n1cc(cn1)-c1ncnc2[nH]ccc12,1
10231331,c1cc(c(cc1I)F)Nc1c(c(c(cc1C(=O)NOCC(CO)O)Br)F)F,1
9884685,Oc1cccc(c1)-c1nc(N2CCOCC2)c2oc3ncccc3c2n1,1
1048845,COc1ccc(cc1OC)C(=O)Nc1sc2CCCCc2c1C(N)=O,1
9549295,CCCNC(=O)Nc1ccc(Oc2ncnc3cc(OC)c(OC)cc23)cc1Cl,1
44187362,c1cc(c(cc1I)F)Nc1c(ccnc1)C(=O)NC[C@@H](CO)O,1
10461815,Cc1c([nH]c(c1C(=O)N1CCC[C@@H]1CN1CCCC1)C)/C=C\1/c2c(ccc(c2)S(=O)(=O)Cc2c(cccc2Cl)Cl)NC1=O,1
6444692,FC(F)(F)c1ccc(\C=C\c2nc(COc3ccc(CCCCn4ccnn4)cc3)co2)cc1,1
25171648,CN1CCC(COc2cnc(nc2)c2cccc(Cn3nc(ccc3=O)c3cc(ccc3)C#N)c2)CC1,1
46184986,c1(cc(ccn1)Oc1ccc2nc(sc2c1)N[C@H]1[C@@H](CCCC1)O)C(=O)NC,1
46912230,CC(C)n1c(C)nc2c1nc(nc2c1cnc(N)nc1)N1CCOCC1,1
59473233,C1CN(CCO1)c1ccc(Nc2nc(cn3ccnc23)c2ccc3cn[nH]c3c2)cc1,1
51358113,c1cc(cc(c1)n1c(=O)ccc2cnc3ccc(cc3c12)c1cnc(cc1)N)C(F)(F)F,1
59397065,Cc1c(cc(cc1)NC(=O)Nc1c(ccc(c1)C(F)(F)F)F)Nc1cc2c(cc1)/C(=C/c1ccc[nH]1)/C(=O)N2,1
46911863,Cn1cc(cn1)-c1ccc2nnc(n2n1)C(F)(F)c1ccc2ncccc2c1,1
11488320,CNC(=O)CN1CCC(CC1)Oc1cc2c(Nc3cccc(Cl)c3F)ncnc2cc1OC,1
10158940,N1(CCC(CC1)N)c1cccc2ccc(nc12)n1cnc2c1ccc(c2)OCCOC,1
68853159,Cc1c(n2ccccc2c1OC)C(=O)c1cc(c(cc1)N)C(=O)[O-].[Na+],1
16718576,CNC(=O)C1=NN(C)C2=C1C(C)(C)CC1=CN=C(NC3=CC=C(C=C3)N3CCN(C)CC3)N=C21,1
11476171,Nc1ncnc2n(cc(-c3cccc(OCc4ccccc4)c3)c12)[C@@H]1C[C@H](CN2CCC2)C1,1
10302451,CN1CCN(CCOc2cc(OC3CCOCC3)c3c(Nc4c5OCOc5ccc4Cl)ncnc3c2)CC1,1
9914412,COC1=C(OCCCN2CCOCC2)C=C2N=CN=C(NC3=CC=C(NC(=O)C4=CC=CC=C4)C=C3)C2=C1,1
54764565,CN1CCN(Cc2ccc(cc2)-c2cnc3[nH]cc(-c4ccc5[nH]ccc5c4)c3c2)CC1,1
16219401,Cn1cc(C=C2C(=O)Nc3cccnc23)c2ccccc12,1
135565545,Cn1cc(cn1)-c1[nH]c2cc(NC(=O)[C@H](N)C3CCCCC3)cc3c2c1cn[nH]c3=O,1
66555680,Cc1nc2c([nH]1)cc(cc2)n1c(c(cn1)C(=O)c1cc2ccccc2[nH]1)N,1
46216796,C(CN1CCCC1)Oc1ccc2Nc3nccc(n3)-c3cccc(COC\C=C\COCc1c2)c3,1
11640390,C[C@]1(C[C@@H](C1)c1nc(c2n1ccnc2N)c1cc2c(cc1)ccc(n2)c1ccccc1)O,1
56968072,COc1c(Nc2ncc(c(Nc3cccc(NC(=O)C=C)c3)n2)C(F)(F)F)ccc(NC2CN(CCF)C2)c1,1
9943022,CC(C)c1cc(cc(c1O)C(C)C)C=C(C#N)C#N,1
6439072,CC(C)c1cc(cc(c1O)C(C)C)/C=C(\C#N)/C(=O)N,1
71454279,Cc1nn(C)cc1-c1nc2c(N3CCN(Cc4ccc(Cl)cc4)CC3)c(Cl)cnc2[nH]1,1
71576419,COc1cc2nccc(Oc3ccc(NC(=O)c4cn(C(C)C)c(=O)n(-c5ccc(F)cc5)c4=O)cc3F)c2cc1OC,1
35532110,COc1c(cc(cc1)C(=O)Nc1n[nH]c(c1)c1ccccc1)OC,1
133640205,Cl.Cl.CCCCNc1ncc2c(cn([C@H]3CC[C@H](O)CC3)c2n1)-c1ccc(CN2CCN(C)CC2)cc1,1
90664659,Cl.Cl.NCCNc1ncc(C(N)=O)c(Nc2cccc(c2)C(F)(F)F)n1,1
71479709,O=C(C=C)N4CCC(CNc3ncnc(N)c3c2ccc(Oc1ccccc1)cc2)CC4,1
92044379,CC(C)(O)CS(=O)(=O)Nc1ccc2CN(CCc2c1)C(=O)COc3cccnc3,1
25212148,COCCNCC1=CN=C(C=C1)C2=CC3=NC=CC(=C3S2)OC4=C(C=C(C=C4)NC(=O)C5(CC5)C(=O)NC6=CC=C(C=C6)F)F,1
42628503,CCN1CCN(Cc2ccc(NC(=O)c3ccc(C)c(NC(=O)c4cncc(c4)-c4cccs4)c3)cc2C(F)(F)F)CC1,1
44195570,CC1(CC2=C(C(=O)C1)C(=NN2C3=CC(=C(C=C3)C(=O)N)NC4CCC(CC4)OC(=O)CN)C(F)(F)F)C.CS(=O)(=O)O,1
22347110,C1CCC(C1)N2C3=C(C(=N2)C4=CC=C(C=C4)OC5=CC=CC=C5)C(=NC=N3)N,1
46208890,Cn1cc(cn1)c1nccc(c1)Oc1c(cc(c(c1)F)NC(=O)C1(CC1)C(=O)Nc1ccccc1)F,1
5328770,c1ccc(cc1)CCCNC(=O)/C(=C/c1cc(c(cc1)O)O)/C#N,1
145875209,Cl.COc1ccc(Cl)cc1NC(=O)Nc1cc(C)nc2ccccc12,1
46848036,CC1=C(C=C(C=N1)NC(=O)C2=CC(=C(C=C2)CN3CCN(CC3)C)C(F)(F)F)NC4=NC=CC(=N4)C5=CN=CC=C5,1
23653175,COCC1=C(N2C(=C1C3=CC(=C(C=C3)NC(=O)NC4=C(C=CC(=C4)C(F)(F)F)F)F)C(=NC=N2)N)CN5CCOCC5,1
9869779,CC(C1=NC=CS1)NC(=O)NC2=C(C=C(C=C2)OC3=C4C=C(C(=CC4=NC=C3)OC)OC)OC,1
71578106,CC(C)N1C2=C(C(=N1)C3=CC=C(C=C3)NC(=O)NC4=C(C=CC(=C4)C(F)(F)F)F)C(=NC=N2)N,1
121416213,c1nc(Cl)c(NS(=O)(=O)C)cc1c1cc2c(Nc3cc(Cl)c(F)cc3)ncnc2cc1,1
131704486,CCN(CC)CCOc1ccc(cc1)Nc1nc(c2c(NC(=O)CCN3CCN(C)CC3)cccc2)nc2ccccc12,1
122633900,O=C(c1cnc(Nc2ccc(C)c(NC(=O)C=C)c2)nc1NC)Nc1cc(NC(=O)c2cc(OC)c(OC)c(OC)c2)ccc1C,1
10200390,COc1ccc(cc1OC)-c1cc2nccn2c(Nc2ncccc2C(N)=O)n1,1
132472229,Cl.CN1CCN(CC1)c1ccc(cc1)C(=O)Nc1cc([nH]n1)-c1cccc(NS(=O)(=O)c2ccccc2)c1,1
44513225,Cl.Cl.CNC(=O)c1ccc(cc1F)-c1cnc2ncc(Cc3ccc4ncccc4c3)n2n1,1
57345941,CC(C)NC(=O)[C@H]1CC[C@H](CC1)n1c(NC(=O)c2ccc(F)cc2)nc2ccc(CN3CCC(CC3)C(C)(C)O)cc12,1
78322366,C[C@@H]1CN(CCN1C(=O)OC2=C(C=C3C(=C2)C(=NC=N3)NC4=C(C(=CC=C4)Cl)F)OC)C.Cl,1
118036971,COCCNc1cc(ncc1C#N)NC(=O)N1CCCc2c1nc(C=O)c(c2)CN1CCN(CC1=O)C,1
141730164,Cl.CN1C\C=C\CCOc2cccc(c2)-c2ccnc(Nc3cccc(C1)c3)n2,1
118796328,Cc1cc(nc(c1)NC(=S)N1CCN(CC1)Cc1ccc(cc1)C(F)(F)F)C,1
71727668,C1COCCN1C(=O)c1ccc(cc1)Nc1c(nc(o1)c1c(cccc1Cl)F)C(=O)N,1
129626432,Cn1cc(cn1)c1nc(c(c2c1C(=O)NC2)F)N[C@@H]1CCCC[C@@H]1N.Cl,1
5328771,Oc1ccc(cc1O)\C=C(/C#N)C(=O)Nc1ccccc1,1
59983028,O=C(NCCO)c1ccc(c2ncnc(Nc3ccc(OC(F)(F)F)cc3)c2)cc1,1
3896,O=C(O)c1cc(NCc2cc(O)ccc2O)ccc1O,1
42628843,CC(C)(C)c1cc(NC(=O)Nc2ccc(Oc3ccnc4[nH]c(=O)cnc34)cc2F)n(n1)-c1ccccc1,1
52920501,Cc1cc2c([nH]1)ccc(Oc1nc(Nc3cc(CS(=O)(=O)NCCN(C)C)ccc3)ncc1)c2,1
135565923,Fc1cc2[C@@H](C)Nc3nc4c(cnn4cc3)C(=O)NC[C@@H](Oc2cc1)C,1
11409972,CNc1cc(Oc2ccc(NC(=O)Nc3ccc(CN4CCN(CC)CC4)c(C(F)(F)F)c3)cc2)ncn1,1
6419834,CCOC(=O)c1c(C)[nH]c(\C=C2/C(=O)Nc3ccccc23)c1C,1
56655374,CN1CCN(C2CCN(c3ccc(Nc4ncc(Cl)c(c5c[nH]c6c5cccc6)n4)c(OC)c3)CC2)CC1,1
9874913,COCC(=O)NC\C=C\c1ccc2ncnc(Nc3ccc(Oc4ccc(C)nc4)c(C)c3)c2c1,1
53380437,C1CN(CCC1N1CC(C1)(CC#N)n1cc(cn1)c1c2cc[nH]c2ncn1)C(=O)c1c(c(ncc1)C(F)(F)F)F,1
5941539,CC(C)c1cc(cc(C(C)C)c1O)\C=C(/C#N)C(=O)NCCCc1ccccc1,1
119444,O1C(=O)[C@H]([C@@H]([C@H]1C)C[C@H]([C@@](C)([C@H]1CC[C@]2(C3=CC(=O)[C@@H]4C[C@H]([C@H](C[C@@]4([C@H]3CC[C@]12C)C)O)O)O)O)O)C,1
11664505,COc1cc(ccc1O)-c1oc2cc(O)cc(O)c2c(=O)c1O[C@@H]1O[C@H](CO)[C@@H](O)[C@H](O)[C@H]1O[C@@H]1O[C@@H](C)[C@H](O)[C@@H](O)[C@H]1O,1
121596128,CN1CCN(CC1)c1c(cc(cc1)Nc1nc2c(cc[nH]2)c(n1)Oc1cccc(c1)NC(=O)C=C)F.C(=C\C(=O)O)\C(=O)O,1
22245705,C(=O)(c1ccc(cc1)CN1CCC(CC1)N(C)C(=O)CNc1c(c(c(c(c1C)C)N)C)C)N,1
90408826,c1c(cc(cc1)C(F)(F)F)C(=O)Nc1cnc(c(c1)c1cnc(c(c1)N1CCOCC1)OC1CCOCC1)C,1
57340666,CN1c2ccccc2C(=O)Nc2cnc(Nc3ccc(cc3)N3CCC(O)CC3)nc12,1
53322923,COc1cc(ccc1Nc1ncc2NC(=O)c3ccccc3N(C)c2n1)N1CCN(C)CC1,1
57384863,c1c(cnc(n1)N)c1nc2c(c(n1)N1CCOCC1)nc1n2CCOC1(C)C,1
124219,CC1(C=Cc2c(O1)c1ccccc1c(c2C(=O)OC)O)C,1
78209992,[C@H]1(CN(CCN1C(=O)Oc1c(cc2c(c1)c(ncn2)Nc1c(c(ccc1)Cl)F)OC)C)C,1
16004702,O=C(c1c2ccc(Oc3nc(N)ncc3)cc2ccc1)Nc1cccc(C(F)(F)F)c1,1
78357807,CS(O)(=O)=O.COc1cc(N(C)CCN(C)C)c(NC(=O)C=C)cc1Nc1nccc(n1)-c1cn(C)c2ccccc12,1
44603362,CC#CC(=O)N1CCC[C@H]1c1nc(c2n1ccnc2N)c1ccc(cc1)C(=O)Nc1ccccn1,1
24756034,c1cc(cc(c1)NC(=O)c1cccc2c1ccc(c2)Oc1ncnc(c1)CO)C(F)(F)F,1
1474853,COc1c(cc2c(c1)c(ncn2)Nc1ccc(cc1)Oc1ccccc1)OC,1
90116675,F[C@@H]1CCN(C1)S(=O)(=O)Nc1ccc(F)c(C(=O)c2c[nH]c3ncc(cc23)-c2cnc(nc2)C2CC2)c1F,1
3135,CN(C)c1ccc(C=C2C(=O)Nc3ccccc23)cc1,1
672251,COc1ccccc1\C=C1\C(=O)Nc2ccccc12,1
5713383,Fc1ccc(\C=C2\C(=O)Nc3ccccc23)cc1,1
3082127,Oc1ccc(cc1)-c1cc(=S)ss1,1
5328227,CN(c1cc(ccc1)Br)c1ncnc2cc(c(cc12)OC)OC,1
5353928,Clc1cc(Cl)cc(\C=C(\C#N)c2cccnc2)c1,1
56960363,c1(cc(c(nn1)N)O[C@H](C)c1c(c(ccc1Cl)F)Cl)C(=O)Nc1ccc(cc1)C(=O)N1CCN(CC1)C,1
5353927,COc1ccc(\C=C(\C#N)c2cccnc2)cc1OC,1
58298318,CCN1C(=O)CNc2ncc(nc12)-c1ccc(nc1C)-c1ncn[nH]1,1
11233873,CC1=C(C(NC(=O)N1)c1ccc(cc1)F)C(=O)Nc1cc2c(cc1)[nH]nc2,1
72703790,Cc1nccc(c1)C(=O)Nc1nc2c(n1[C@@H]1CCCCN(C1)C(=O)/C=C/CN(C)C)c(ccc2)Cl,1
118888941,O=C(c1c(F)ccc(C2C(=C(C)NC(=O)N2)C(=O)Nc2ccc3[nH]ncc3c2)c1)NCc1ncccc1,1
5328127,COc1cc(OC)cc(c1)-c1cc2cnc(N)nc2nc1NC(=O)NC(C)(C)C,1
11691242,N(C(=O)Nc1c(ccc(c1)Br)OC)c1c2ccn(c2ccc1)Cc1cc(ncc1)N,1
73707531,C(=O)(C=C)Nc1ccc(cc1)CN(c1ncnc(c1)Nc1ccc(cc1)N1CCN(CC1)C)C(=O)Nc1c(c(cc(c1Cl)OC)OC)Cl,1
6918616,c1(nnc(c2ccccc12)Cc1ccncc1)Nc1cc(c(cc1)C)Br,1
91885617,C(=O)(C=C)N[C@@H]1[C@@H](COCC1)Nc1nc2c(cn1)cc(cc2)c1c(c(cc(c1Cl)OC)OC)Cl,1
44603533,c1(=O)c(ccc(n1c1ccc(cc1)F)C)C(=O)Nc1cc(c(cc1)Oc1cc2cnn(c2cc1c1cn[nH]c1)C)F,1
3792751,CC(C)(C)c1ccc(cc1)S(=O)(=O)Nc1ccc(cc1)-n1ccnc1,1
9918693,C\C(C)=C/CC[C@](C)(O)[C@H]1CC[C@]2(C)[C@@H]1[C@H](O)C[C@@H]1[C@@]3(C)CC[C@H](O[C@@H]4O[C@H](CO)[C@@H](O)[C@H](O)[C@H]4O[C@@H]4O[C@H](CO)[C@@H](O)[C@H](O)[C@H]4O)C(C)(C)[C@@H]3CC[C@@]21C,1
6918774,C[C@@H]1CC[C@@]2(CC[C@@]3(C(=CC[C@H]4[C@]3(CC[C@@H]3[C@@]4(C[C@H]([C@@H](C3(C)C)O)O)C)C)[C@@H]2[C@H]1C)C)C(=O)O,1
5486199,C[C@H]1[C@@H]([C@H]([C@H]([C@@H](O1)Oc1cc(c2c(c1)oc(c(c2=O)O[C@H]1[C@@H]([C@@H]([C@H]([C@@H](O1)C)O)O)O)c1ccc(O)cc1)O)O)O)O,1
58298316,CO[C@H]1CC[C@@H](CC1)N1C(=O)CNc2ncc(nc12)-c1ccc(nc1)C(C)(C)O,1
72836888,CCN1CCN(Cc2ccc(cc2C(F)(F)F)C(=O)Nc2ccc(C)c(Oc3ccc4NC(=O)Cc4c3)c2)CC1,1
5281697,c1cc(ccc1c1cc(=O)c2c(c(c(cc2o1)O)O)O)O,1
49870909,O=C1N(Cc2cc3c(NC(=O)/C/3=C\c3cc(CN4CCOCC4)c[nH]3)cc2)C(=O)CS1,1
115198,Cc1ncc(c(c1O)CO)CO.O=C(O)[C@@H]1CCC(=O)N1,1
5312738,C(CCC/C=C/C(=O)O)CCCO,1
44181686,C[C@H](c1nnc2n1cc(cc2F)c1cn(nc1)C)n1ccc2ncc(cc2c1=O)OCCOC,1
11478363,c1cc(cnc1C)Nc1nc2c(cn1)CN(C(=O)N2C)c1cc(ccc1C)NC(=O)c1cccc(c1)C(F)(F)F,1
10177784,c1c(ccc(c1NC(=O)Nc1c(O)ccc(c1)C(F)(F)F)O)C(F)(F)F,1
9904854,c1cc(cc(c1)O)Nc1nc(ncc1F)Nc1cc(ccc1)O,1
11634725,Cc1cnc(Nc2ccc(cc2Cl)F)nc1c1cc(C(=O)N[C@H](CO)c2cccc(c2)Cl)[nH]c1,1
73481,COc1ccc2C[C@@H]3N(C)CCc4cc(OC)c(O)c(Oc5cc6[C@H](Cc7ccc(Oc1c2)cc7)N(C)CCc6cc5OC)c34,1
24756910,n1cnc(c2c1cc(c(c2)OCCCCCCC(=O)NO)OC)Nc1cc(ccc1)C#C,1
24795070,CN1CCC(CNc2nn3c(cc2)ncc3c2cc(OC(F)(F)F)ccc2)CC1,1
51038269,O=C(C1CC1)Nc1nn2c(c3ccc(OCc4ccc(C#N)nc4)cc3)cccc2n1,1
57990869,C1C[C@H](NC1)C(=O)Nc1ccc(cc1)c1nc(ncc1)Nc1ccc(cc1)N1CCOCC1,1
51038269,CN1CCN(Cc2c(cc(NC(=O)c3cc(C#Cc4cc5c([nH]nc5)nc4)c(C)cc3)cc2)C(F)(F)F)CC1,1
135398495,O=C(NC1CC1)Nc1c[nH]nc1-c1nc2cc(CN3CCOCC3)ccc2[nH]1,1
16722832,Cc1cnc(nc1Nc1cc(ccc1)S(=O)(=O)NC(C)(C)C)Nc1ccc(cc1)N1CCN(CC1)C,1
447077,CSc1cccc(Nc2ncc3cc(c(=O)n(C)c3n2)c2c(Cl)cccc2Cl)c1,1
163751,C1CNCCN(C1)S(=O)(=O)c1cccc2c1ccnc2.Cl,1
57390074,COc1c(Nc2ncc(Cl)c(Nc3ccccc3P(=O)(C)C)n2)ccc(c1)N1CCC(CC1)N(C)C,1
9803932,C1CNCCN(C1)S(=O)(=O)c1cccc2c1cccc2I.Cl,1
25127112,OP(O)(O)=O.N#CC[C@H](C1CCCC1)n1cc(cn1)-c1ncnc2[nH]ccc12,1
66577032,c1cc(c(cc1)Nc1c(cnc(n1)Nc1c(cc(cc1)N1CCN(CC1)C)OC)Cl)S(=O)(=O)NC,1
16218924,Cc1cccc(c2c(cn(C(=S)Nc3ccccc3)n2)c2ccnc3ccccc23)n1,1
72734520,CN1CCN(CC1)C2=C(C=C(C=C2)NC3=NC4=C(C=CN4)C(=N3)OC5=CC=CC(=C5)NC(=O)C=C)F,1
119307,C\C(C)=C/CC[C@](C)(O)[C@H]1CC[C@]2(C)[C@@H]1[C@H](O)C[C@@H]1[C@@]3(C)CC[C@H](O[C@@H]4O[C@H](CO)[C@@H](O)[C@H](O)[C@H]4O)C(C)(C)[C@@H]3CC[C@@]21C,1
16217067,Cl.O1c2c3[C@H](N(CCc3cc(OC)c2OC)C)Cc2cc(Oc3ccc(C[C@@H]4N(CCc5c4cc1c(OC)c5)C)cc3)c(O)cc2.Cl,1
164676,Cc1coc-2c1C(=O)C(=O)c1c-2ccc2c1CCCC2(C)C,1
93004,C1CC2C3C(C1O2)C(=O)OC3=O,1
5280373,COc1ccc(cc1)c1coc2cc(O)cc(O)c2c1=O,1
3469,c1cc(c(cc1O)C(=O)O)O,1
5280569,c1cc(c(c2c1ccc(=O)o2)O)O,1
1880,c1ccc(cc1)c1cc(=O)c2c(o1)c(c(cc2)O)O,1
5359389,COc1ccc2c(c1)[nH]c1c2ccnc1C.Cl,1
100257,COc1ccc2C[C@H]3N(C)CCc4cc(OC)c(O)c(Oc5cc6[C@H](Cc7ccc(Oc1c2)cc7)N(C)CCc6cc5OC)c34,1
5282150,c1(cc(=O)c2c(cc(cc2o1)O[C@H]1[C@@H]([C@H]([C@@H]([C@H](O1)CO)O)O)O[C@H]1[C@@H]([C@@H]([C@H]([C@@H](O1)C)O)O)O)O)c1ccc(cc1)O,1
91440,OC[C@H]1O[C@@H](Oc2cccc3[C@H]([C@@H]4c5cccc(O[C@@H]6O[C@H](CO)[C@@H](O)[C@H](O)[C@H]6O)c5C(=O)c5c(O)cc(cc45)C(O)=O)c4cc(cc(O)c4C(=O)c23)C(O)=O)[C@H](O)[C@@H](O)[C@@H]1O,1
9549284,NC(Sc1ccc(N)cc1)=C(C#N)c1ccccc1C(F)(F)F,1
78357783,COc1c(Nc2ncc(Cl)c(n2)c2c[nH]c3ccccc23)cc(NC(=O)C=C)c(c1)N(C)CCN(C)C,1
24794418,CCOc1c(C(=O)Nc2cc(F)c(Oc3c(Cl)c(N)ncc3)cc2)c(=O)n(cc1)c1ccc(F)cc1,1
56948527,Cl.N[C@H]1CCCC[C@H]1Nc1ncc(C(N)=O)c(Nc2cccc(c2)-n2nccn2)n1,1
2044,CC(C)(C)c1c(c(cc(c1)C=C(C#N)C#N)Br)O,1
5278396,O=c1cc(oc(c1)-c1cccc2Sc3ccccc3Sc12)N1CCOCC1,1
44206063,Cn1cc(cn1)c1nn2c(Cc3cc4c(cc3)nccc4)cnc2cc1,1
10366136,CC1(COc2ccc3n(cnc3c2)-c2ccc3cccc(N4CCC(N)CC4)c3n2)COC1,1
17754438,OCCn1cc(cn1)c1cnc2nnn(Cc3cc4c(cc3)nccc4)c2n1,1
44968231,Cc1ccc(CNc2ncnc3c2cc(cc3)c2ccc(CO)o2)o1,1
57340686,Cc1c(ccc(c1)NC(=O)c1cc(ccc1)NC(=O)/C=C/CN(C)C)Nc1nccc(n1)c1cnccc1,1
11617559,COc1ccc(COc2c(OC)cc(Cc3cnc(N)nc3N)cc2)cc1,1
44480399,Cc1c(c2c(o1)cc(cc2)Oc1ncnc2cc(c(cc12)OC)OC)C(=O)NC,1
71721648,CNC(=O)c1ccccc1Nc1nc(ncc1Cl)Nc1c(c2c(C[C@H](CCC2)N2CCN(CC2)CCO)cc1)OC,1
1401,CCN(CC)CCCCNc1ncc2cc(-c3cc(OC)cc(OC)c3)c(NC(=O)NC(C)(C)C)nc2n1,1
72547474,COc1c(Nc2ncc(Cl)c(Nc3c(OC)cc(cc3)N3CCN(CC3)C(=O)C)n2)ccc(c1)N1CCN(CC1)C(=O)C,1
25066467,CNC(=O)c1nccc(Oc2cc(F)c(NC(=O)Nc3cc(nn3c3cc4c(cc3)nccc4)C(C)(C)C)cc2)c1,1
46213929,Cc1cc(n[nH]1)Nc1nn2c(c(nc2c(c1)CN1CCOCC1)C)Cc1c(cc(cc1)Cl)F,1
59422203,CC[C@](C)(C(=O)NCC(F)(F)F)Nc1nc(ncc1)c1c[nH]c2c1cccn2,1
25127713,COc1c(cc2c(c1)ncnc2Nc1c(c(c(cc1)Cl)Cl)F)OC1CCN(CC1)C(=O)C=C,1
71721525,CCCCNc1ncc(C(=O)NCc2ccc(cc2)-n2ccnc2)c(NC2CCC(O)CC2)n1,1
4713,COc1cccc(c1N)-c1cc(=O)c2ccccc2o1,1
78357765,CN1CCC(CC1)NC1=NC2=C(C(=O)NC=C2Br)C(NC2=CC=C(OC3=CC=CC=C3)C=C2)=N1,1
10074640,CN1CCN(Cc2ccc(cc2)C(=O)Nc2ccc(C)c(Nc3nc(cs3)-c3cccnc3)c2)CC1,1
53396311,c1cc(c(cc1Cl)Cl)c1nc(ncc1n1ccnc1)NCCNc1nc(c(cc1)[N+](=O)[O-])N,1
10429242,CCc1cnc(cc1)C(=O)COc1ccc(cc1)CC1C(=O)NC(=O)S1,1
25008120,CC1(C(=O)N(c2c(O1)ccc(n2)Nc1nc(ncc1F)Nc1cc(c(c(c1)OC)OC)OC)COP(=O)([O-])[O-])C.[Na+].[Na+],1
59174488,COCCOC1=CC=C(NC2=NC=C(F)C(NC3=CC(NC(=O)C=C)=CC=C3)=N2)C=C1,1
5328779,C1=CC=C(C=C1)CNC(=O)/C(=C/C2=CC(=C(C=C2)O)O)/C#N,1
11154925,Cc1cc2c(ccc(c2F)Oc2c3c(C)c(cn3ncn2)OC[C@@H](C)OC(=O)[C@H](C)N)[nH]1,1
11485656,Cc1cc(c(cc1)F)NC(=O)Nc1ccc(cc1)c1c2c(ccc1)[nH]nc2N,1
5494449,CN1CCN(CC1)c1cc(Nc2cc(C)[nH]n2)nc(Sc2ccc(NC(=O)C3CC3)cc2)n1,1
156413,C=CC(=O)Nc1c(cc2c(c1)c(ncn2)Nc1cc(c(cc1)F)Cl)OCCCN1CCOCC1.Cl.Cl,1
71496460,CN(C)CCN(C)c1cc(c(cc1NC(=O)C=C)Nc1nccc(n1)c1c[nH]c2ccccc12)OC,1
44595079,CCS(=O)(=O)N1CCN(CC1)c1ccc(cc1)Nc1ncc(C(=O)N)c(NC2CC2)n1,1
24905401,[C@](O)(c1ccc(cc1)Cl)(c1ccc(cc1)c1cn[nH]c1)CN,1
5614,CC(C)(C)c1cc(cc(c1O)C(C)(C)C)C=C(C#N)C#N,1
15953870,C[C@H]1CN(CC(=O)Nc2ccc3Sc4c(Cc3c2)cccc4-c2cc(=O)cc(o2)N2CCOCC2)C[C@@H](C)O1,1
24857323,Cc1c(cccc1NC(=O)c1ccc(cc1)C(C)(C)C)c1cn(C)c(=O)c(Nc2ccc(cc2)C(=O)N2CCOCC2)n1,1
11713159,CN(c1c(cccn1)CNc1c(cnc(Nc2ccc3NC(=O)Cc3c2)n1)C(F)(F)F)S(=O)(=O)C,1
9858940,Cc1cccc(n1)c1c(nc([nH]1)C(C)(C)C)c1cc2c(cc1)OCO2,1
9911830,COc1cc2nccc(Oc3cc(Cl)c(NC(=O)Nc4noc(C)c4)cc3)c2cc1OC,1
6419753,C1COc2c(O1)ccc(c2)c1c([nH]c(n1)c1ccc(cc1)C(=O)N)c1ccccn1,1
11317348,COc1cc2nccc(Oc3cc(F)c(NC(=O)Nc4c(F)cc(F)cc4)cc3)c2cc1OC,1
6918454,Fc1ccc(C(=O)NOCC2CC2)c(Nc2ccc(I)cc2Cl)c1F,1
791637,COc1ccc(cc1)n1c(C)c(c2c1cc(O)cc2)[N+](=O)[O-],1
71519689,CS(=O)(=O)O.CS(=O)(=O)O.CN1CCN(Cc2c(cc(NC(=O)c3cc(C#Cc4cc5c([nH]nc5)nc4)c(C)cc3)cc2)C(F)(F)F)CC1,1
71461003,COc1c(OC)cc2c(Sc3nnc(C)s3)ncnc2c1,1
44155856,c1cc(ccc1c1c[nH]cc(c1=O)C(=O)Nc1ccc(c(c1)F)Oc1ccnc(c1Cl)N)F,1
135659062,CN(C)Cc1cccc(N\C(c2ccccc2)=C2/C(=O)Nc3cc(ccc23)C(=O)N(C)C)c1,1
10174505,OC(=O)CC(O)(CC(O)=O)C(O)=O.C[C@@H]1CCN(C[C@@H]1N(C)c1ncnc2[nH]ccc12)C(=O)CC#N,1
1893730,Cc1ccc(cc1)S(=O)(=O)Nc1nc2ccccc2nc1Nc1cc2nsnc2cc1,1
57335384,COc1c(Nc2ncc(c(Nc3cc(NC(=O)C=C)ccc3)n2)C(F)(F)F)ccc(c1)N1CCN(CC1)C(=O)C,1
46944259,C[C@H](c1c(cncc1Cl)Cl)Oc1cc2c(cc1)[nH]nc2/C=C/c1cn(nc1)CCO,1
44231848,OP(=O)(O)O.CCS(=O)(=O)N1CC(CC#N)(C1)n1cc(cn1)c1c2cc[nH]c2ncn1,1
2799722,O=C(Nc1ccccc1C(=O)NC1CCCCNC1=O)c1cc2ccccc2s1,1
16041424,Cc1cc(n[nH]1)Nc1nc(nc(c1)N1CCN(CC1)C)/C=C/c1ccccc1,1
135400873,O=C1N=C(NCc2cccs2)S\C1=C/c1ccc2ncccc2c1,1
72710839,COc1cc(OC)c(Cl)c(-c2ccc3nc(Nc4c(C)cccc4NC(=O)C=C)ncc3c2)c1Cl,1
11427553,C1CN(CCN1)C(=O)c1ccc(cc1)/C=C/c1n[nH]c2ccccc12,1
6445562,CCOc1c(cc2c(c1)ncc(c2Nc1cc(c(cc1)F)Cl)C#N)NC(=O)/C=C/CN(C)C,1
11598628,n1c(nc(c(c1)C(F)(F)F)NCc1c(cccc1)N(C)S(=O)(=O)C)Nc1ccc2c(c1)CC(=O)N2,1
56847486,c1(c(cc2c(c1)c(ccn2)Oc1ccc(cc1F)NC(=O)c1nn(cc1OCC)c1ccc(cc1C)F)OC)OC,1
59174579,c1c(ccc(c1)Oc1ccnc(c1)C(=O)NC)Nc1nc(c(cn1)F)Nc1cccc(c1)NC(=O)C=C,1
135421339,CN(C)CCOc1ccc(cc1)-c1nc(c([nH]1)-c1ccncc1)-c1ccc2c(CC\C2=N\O)c1,1
11667893,CC1(C)CNC2=C1C=CC(NC(=O)C1=C(NCC3=CC=NC=C3)N=CC=C1)=C2,1
1749978,COc1c(cc2c(c1)/C(=C/c1ccc(cc1)O)/C(=O)N2)OC,1
46214930,Cc1nn(c(c1)Nc1ncc(c(c1)Nc1ccccc1C(=O)NOC)Cl)C(C)C,1
10090750,CC\C(c1ccccc1)=C(/c1ccc(O)cc1)c1ccc(OCCNC)cc1,1
56673651,CN1CCN(CC1)c1ccc(cc1)C(=O)Nc1n[nH]c(c1)c1cc(ccc1)NS(=O)(=O)c1ccccc1,1
58507717,C1COCCN1c1nc(c2cnc(cc2C(F)(F)F)N)nc(n1)N1CCOCC1,1
16038120,CC(C)S(=O)(=O)c1ccccc1Nc1c(cnc(Nc2ccc(cc2OC)N2CCC(CC2)N2CCN(C)CC2)n1)Cl,1
2776,CC#CC(=O)Nc1cc2c(cc1)ncnc2Nc1cc(ccc1)Br,1
57402735,CC(C)C[C@@H](C(=O)N[C@H](CCC(=O)[O-])C(=O)N[C@@H]([C@@H](C)CC)C(=O)N[C@H]1CCCCNC(=O)[C@H](CC(=O)N)NC(=O)[C@@H](CC(=O)[O-])NC(=O)[C@H](Cc2[nH]cnc2)NC(=O)[C@@H](Cc2ccccc2)NC(=O)[C@H]([C@@H](C)CC)NC(=O)[C@@H](CCCN)NC1=O)NC(=O)C1CN=C(C(N)C(C)CC)S1.[Zn+2],1
69550,Cn1c2c(c(=O)n(c1=O)C)n(cn2)CC(=O)O,1
10990876,[O-]C1=C(OP(=O)([O-])[O-])C(=O)O[C@@H]1[C@@H](O)CO.[Na+].[Na+].[Na+],1
11210478,C[C@@H](c1ccccc1)NC(=O)/C(=C/c1nc(ccc1)Br)/C#N,1
5154691,Nc1ncnc2c1c(Cc1cccc3c1cccc3)nn2C(C)(C)C,1
11655119,C(CN1CCOCC1)Oc1ccc2c(ccnc2c1)-c1c2CCCn2nc1-c1ccccn1,1
10297043,c1nc2c(c(n1)N[C@H](C)c1ccccc1)cc([nH]2)c1ccc(cc1)CN1CCN(CC1)CC,1
10316032,Fc1c(cc(Cl)cc1)c1nc2nccnc2c(Nc2ccncc2)n1,1
71566751,CN1CCN(Cc2ccc(NC(=O)Cc3ccc(Oc4cc(NC(=O)C5CC5)ncn4)cc3)cc2C(F)(F)F)CC1,1
10469233,Cc1cccc(n1)-c1[nH]ncc1-c1ccnc2ccccc12,1
11442891,CN1CCN(CC1)c1ccc(cc1)C(=O)Nc1n[nH]c2c1CN(C2)C(=O)[C@@H](c1ccccc1)OC,1
56846693,COc1c(OC)cc2c(Oc3cccc(NC(=O)Nc4noc(c4)C(C)(C)C(F)(F)F)c3)ncnc2c1,1
2052,Oc1c(O)cc(C=C(C#N)C#N)cc1,1
72551586,CN1CCN(Cc2c(cc(NC(=O)Nc3ccc(Oc4ncnc(NC(=O)C5CC5)c4)cc3)cc2)C(F)(F)F)CC1,1
54576299,FC1=CC=C(NC(=O)C2(CC2)C(=O)NC2=CC(F)=C(OC3=CC(NC(=O)C4CC4)=NC=C3)C=C2F)C=C1,1
57412684,Cc1ccc(NC(=O)Nc2nnc(Sc3ncnc4c3ccc(OCCCN3CCOCC3)c4)s2)cc1,1
2051,COc1c(OC)cc2c(Nc3cc(Cl)ccc3)ncnc2c1,1
3794,COc1c(OC)cc2c(Nc3ccc(O)cc3)ncnc2c1,1
4705,COc1cc2ncnc(Nc3cccc(Br)c3)c2cc1OC,1
3798,COc1c(OC)cc2c(Nc3ccccc3)ncnc2c1,1
5328201,COc1c(OC)cc2c(Nc3cc(I)ccc3)ncnc2c1,1
56839178,CN(S(=O)(=O)c1ccccc1Nc1nc(Nc2ccc(cc2)CN2CCN(CC2)C)ncc1Cl)C,1
11612883,CS(=O)(=O)c1cccc(CNc2nc(Nc3cc4c(NC(=O)CC4)cc3)ncc2C(F)(F)F)c1,1
25117126,CNC(=O)c1ccc(Nc2ncc(c(NCc3nccnc3N(C)S(=O)(=O)C)n2)C(F)(F)F)cc1,1
3795,COc1c(OC)cc2c(Nc3cc(Br)c(O)cc3)ncnc2c1,1
46908026,CN1CCN(CC1)c1cnc(Nc2cc(cn(C)c2=O)c2c(CO)c(ccc2)n2ccc3cc(cc(F)c3c2=O)C2CC2)cc1,1
53235510,CCN1CCN(CC1)c1ccc(Nc2cc(ncn2)N(C)C(=O)Nc2c(Cl)c(OC)cc(OC)c2Cl)cc1,1
73211763,O[C@H]1CC[C@H](Nc2nc(NCCCC)ncc2c2ncc(CN3CCOCC3)cc2)CC1,1
56599293,COc1c(Nc2ncc(Cl)c(n2)c2c[nH]c3ccccc23)ccc(c1)N1CCC(N)CC1,1
25145656,CNC(=O)c1c(F)cc(cc1)c1nn2c(Cc3cc4c(cc3)nccc4)cnc2nc1,1
25134326,COc1c(Nc2nc(Nc3ccccc3S(=O)(=O)C(C)C)ncn2)ccc(c1)N1CCC(CC1)N1CCN(C)CC1,1
25073775,CNC(=O)c1ccccc1Nc1cc(Nc2ccc(cc2OC)N2CCOCC2)ncc1C(F)(F)F,1
51039095,COc1cc(CCc2cc(NC(=O)c3ccc(cc3)N3C[C@H](C)N[C@H](C)C3)n[nH]2)cc(OC)c1,1
91754554,COc1cc(cc(OC)c1OC)-c1cc(cnc1C)-c1ccc(cc1)N1CCNCC1,1
44577753,COc1ccc(cc1)c1cn2ncc(c2nc1)c1c2cccnc2ccc1,1
50997747,CC(C)Oc1ccc(cc1)c1cn2ncc(c2nc1)c1ccnc2ccccc12,1
59593294,FC(F)(F)c1ccc(CNc2ncc(Cc3c[nH]c4ncc(Cl)cc34)cc2)cc1,1
49831257,O=C(Nc1nn2c(cccc2c2ccc(CN3CCS(=O)(=O)CC3)cc2)n1)C1CC1,1
25227436,NC1(CCN(CC1)c1ncnc2[nH]ccc12)C(=O)N[C@@H](CCO)c1ccc(Cl)cc1,1
448949,O\N=C1c2ccccc2NC/1=C1\C(=O)Nc2cc(Br)ccc12,1
46173038,COc1cc(cc(OC)c1OC)c1c(N)ncc(c1)c1cc(O)ccc1,1
60182388,C1CN(CCN1)c1ccc(cc1)-c1cnc2c(cnn2c1)-c1cccc2ncccc12,1
25230662,CNC(=O)c1nccc(Oc2ccc(NC(=O)c3cc(ccc3)C(F)(F)F)cc2)c1,1
46209401,FC1=C(NC(=O)CC2=CC(=CC=C2)C(F)(F)F)C=C(OC2=C(C#N)C3=C(C=C2)N=C(NC(=O)C2CC2)S3)C=C1,1
5730,CN(C)c1cccc(c1)C(=O)Nc1cc(NC(=O)c2ccc(O)cc2)c(C)cc1,1
25062766,O=C(NCC#N)c1ccc(cc1)c1nc(Nc2ccc(cc2)N2CCOCC2)ncc1,1
11754511,Brc1cnc(Nc2cc(NC(=O)N3CCCC3)ccc2)nc1NCCc1cnc[nH]1,1
11517980,COc1c(OC)cc2c(Oc3ccc(CC(=O)Nc4cn(nc4)C(C)C)cc3)ncnc2c1,1
10077147,Ic1cnc(Nc2cc(NC(=O)N3CCCC3)ccc2)nc1NCCCNC(=O)c1cccs1,1
6605258,[O-][N+](=O)c1cc(NC(=S)NC(NC(=O)C(c2ccccc2)c2ccccc2)C(Cl)(Cl)Cl)ccc1F,1
5311510,c1cc(cc(c1)C(=O)N)c1cc(ncn1)Nc1ccc(cc1)OC(F)(F)F,1
21014417,c1cc(cc(c1)O)CNC(=O)c1cc2c([nH]1)ccc(c2)F,1
11844351,COc1ccc(N(C(=O)Oc2c(C)cccc2C)c2nc(Nc3ccc(N4CCN(C)CC4)cc3)ncc2)c(OC)c1,1
44129660,c1cc(cc(c1)C(=O)NCCO)c1cc(ncn1)Nc1ccc(cc1)OC(F)(F)F,1
10202642,O=C(NC1CCOCC1)c1ccc(cc1)-c1cc(ccn1)-c1cn[nH]c1-c1ccccn1,1
25102846,O[C@@H](CC(O)=O)C(O)=O.COc1cc2nccc(Oc3ccc(NC(=O)C4(CC4)C(=O)Nc4ccc(F)cc4)cc3)c2cc1OC,1
135423438,COC(=O)c1ccc2c(NC(=O)\C2=C(/Nc2ccc(cc2)N(C)C(=O)CN2CCN(C)CC2)c2ccccc2)c1,1
15606394,c12cc(c(cc1c(ncn2)Nc1cc(c(cc1)F)Cl)NC(=O)/C=C/CN(C)C)O[C@H]1CCOC1.C(=C\C(=O)O)\C(=O)O.C(=C\C(=O)O)\C(=O)O,1
9967941,Cc1cccc(n1)-c1[nH]c(nc1-c1ccc2nccnc2c1)C(C)(C)C,1
11246488,Cl.COc1cc2ncnc(Nc3cccc(Br)c3)c2cc1OC,1
5329006,COc1c(OC)cc2c(Nc3c(F)cc(Cl)cc3)ncnc2c1,1
439533,Oc1ccc(cc1O)[C@@H]1[C@@H](O)C(=O)c2c(O)cc(O)cc2O1,1
4521392,NC(=O)c1ccc(cc1)-c1nc(c([nH]1)-c1ccccn1)-c1ccc2OCOc2c1,1
5281612,COc1c(O)cc(cc1)c1cc(=O)c2c(O)cc(O)cc2o1,1
123596,CS(O)(=O)=O.CN1CCN(Cc2ccc(cc2)C(=O)Nc2ccc(C)c(Nc3nccc(n3)-c3cccnc3)c2)CC1,1
21704,n1(c2c(nc1)c(ncn2)N)[C@@H]1O[C@@H]([C@H]([C@@H]1O)O)CO,1
11540687,n1cc(sc1Nc1nc(nc(N2CCN(CC2)CCO)c1)C)C(=O)Nc1c(cccc1C)Cl.O,1
3828,COc1c2oc(C)cc(=O)c2c(OC)c2c1occ2,1
23663967,[Na+].CCCC(=O)Nc1ncnc2n(cnc12)[C@@H]1O[C@@H]2COP([O-])(=O)O[C@H]2[C@H]1OC(=O)CCC,1
166593157,c1(NC(=O)CN(CC)CC)c(cccc1C)C.Cl.O,1
16129778,C1=C(C=C(C(=C1O)O)O)C(=O)OC2=CC(=CC(=C2O)O)C(=O)OC[C@@H]3[C@H]([C@@H]([C@H]([C@@H](O3)OC(=O)C4=CC(=C(C(=C4)OC(=O)C5=CC(=C(C(=C5)O)O)O)O)O)OC(=O)C6=CC(=C(C(=C6)OC(=O)C7=CC(=C(C(=C7)O)O)O)O)O)OC(=O)C8=CC(=C(C(=C8)OC(=O)C9=CC(=C(C(=C9)O)O)O)O)O)OC(=O)C1=CC(=C(C(=C1)OC(=O)C1=CC(=C(C(=C1)O)O)O)O)O,1
5280378,COc1ccc(cc1)c1coc2c(ccc(O)c2)c1=O,1
11065,Cl.CN(C)CC\C=C1\c2ccccc2CCc2ccccc12,1
6456015,O[C@@H](CC(O)=O)C(O)=O.CCN(CC)CCNC(=O)c1c(C)[nH]c(\C=C2/C(=O)Nc3ccc(F)cc23)c1C,1
176871,Cl.COCCOc1cc2ncnc(Nc3cccc(c3)C#C)c2cc1OCCOC,1
11954344,O.OP(O)(O)=O.OP(O)(O)=O.COc1ccccc1OCCNCC(O)COc1cccc2[nH]c3ccccc3c12.COc1ccccc1OCCNCC(O)COc1cccc2[nH]c3ccccc3c12,1
80311,Cl.CN(C)CCN(Cc1ccc(Cl)cc1)c1ccccn1,1
68635,[Cl-].C[n+]1c2c3cc4c(OCO4)cc3ccc2c2ccc3c(OCO3)c2c1,1
406563,CNC(=O)c1cc(Oc2ccc(NC(=O)Nc3ccc(Cl)c(c3)C(F)(F)F)cc2)ccn1,1
11557040,n1cnc(c2cc(ccc12)c1oc(cc1)CNCCS(=O)(=O)C)Nc1cc(c(cc1)OCc1cc(ccc1)F)Cl.c1(ccc(cc1)C)S(=O)(=O)O.O.c1(ccc(cc1)C)S(=O)(=O)O,1
90369695,NCCCNc1ccc(Nc2nccc(Nc3n[nH]c(c3)C3CC3)n2)cc1,1
44609731,C#Cc1cc(ccc1)Nc1ncnc2cc3OCCOCCOCCOc3cc12.Cl,1
9549296,NCCNC1=NC(NC2=CC(C(F)(F)F)=CC=C2)=C(C(N)=O)C=N1,1
5280544,C1=CC(=CC=C1C2=C(C(=O)C3=C(O2)C(=C(C=C3O)O)O)O)O,1
46398810,Fc1cc(cc(F)c1CN1CCOCC1)-c1cccc2ncc(nc12)-c1cnn(c1)C1CCNCC1,1
137347172,Cl.CNC(=O)c1ccc(cc1F)-c1cnc2ncc(Cc3ccc4ncccc4c3)n2n1,1
